Operon number	Start	Stop	Strand	Number of Genes	Genes_1	Genes_2	Genes_3	Genes_4	Genes_5	Genes_6	Genes_7	Genes_8	Genes_9	Genes_10	Genes_11	Genes_12	Genes_13	Genes_14	Genes_15	Genes_16
operon 1	34541	40382	-	2	TK06_RS00035	TK06_RS00040														
operon 2	41033	44580	-	3	TK06_RS00045	TK06_RS00050	TK06_RS00055													
operon 3	51075	55602	-	3	TK06_RS00085	TK06_RS00090	TK06_RS00095													
operon 4	66405	67926	+	2	TK06_RS00140	TK06_RS00145														
operon 5	73056	75587	-	2	TK06_RS00165	TK06_RS00170														
operon 6	75774	78357	-	4	TK06_RS00175	TK06_RS30425	TK06_RS00180	TK06_RS00185												
operon 7	78501	81098	+	4	TK06_RS00190	TK06_RS00195	TK06_RS00200	TK06_RS00205												
operon 8	87322	87788	-	2	TK06_RS00230	TK06_RS00235														
operon 9	94876	96277	+	2	TK06_RS00285	TK06_RS00290														
operon 10	103010	105084	+	2	TK06_RS00320	TK06_RS00325														
operon 11	105223	108303	+	3	TK06_RS00330	TK06_RS00335	TK06_RS00340													
operon 12	109678	113464	+	3	TK06_RS00350	TK06_RS30430	TK06_RS00355													
operon 13	114413	117295	+	3	TK06_RS00365	TK06_RS00370	TK06_RS00375													
operon 14	117987	121532	+	3	TK06_RS00385	TK06_RS00390	TK06_RS00395													
operon 15	129986	130467	-	2	TK06_RS00460	TK06_RS30435														
operon 16	140697	143660	+	4	TK06_RS00525	TK06_RS00530	TK06_RS00535	TK06_RS00540												
operon 17	148544	154495	+	6	TK06_RS00565	TK06_RS00570	TK06_RS00575	TK06_RS00580	TK06_RS00585	TK06_RS00590										
operon 18	155679	173671	-	16	TK06_RS00600	TK06_RS00605	TK06_RS00610	TK06_RS00615	TK06_RS00620	TK06_RS00625	TK06_RS00630	TK06_RS00635	TK06_RS00640	TK06_RS00645	TK06_RS00650	TK06_RS00655	TK06_RS00660	TK06_RS00665	TK06_RS00670	TK06_RS00675
operon 19	176445	180952	+	4	TK06_RS00685	TK06_RS00690	TK06_RS00695	TK06_RS00700												
operon 20	185041	188594	-	3	TK06_RS00720	TK06_RS00725	TK06_RS00730													
operon 21	195438	200836	+	2	TK06_RS00760	TK06_RS00765														
operon 22	201544	204225	+	2	TK06_RS00775	TK06_RS00780														
operon 23	206185	207440	-	2	TK06_RS00790	TK06_RS00795														
operon 24	207690	210793	+	2	TK06_RS00800	TK06_RS00805														
operon 25	212509	213482	-	2	TK06_RS00825	TK06_RS00830														
operon 26	214281	221244	+	7	TK06_RS00840	TK06_RS00845	TK06_RS00850	TK06_RS00855	TK06_RS00860	TK06_RS00865	TK06_RS00870									
operon 27	223646	226761	+	4	TK06_RS00900	TK06_RS00905	TK06_RS00910	TK06_RS00915												
operon 28	226871	230944	+	4	TK06_RS00920	TK06_RS00925	TK06_RS00930	TK06_RS00935												
operon 29	231302	235361	-	2	TK06_RS00945	TK06_RS00950														
operon 30	237073	240607	+	4	TK06_RS00960	TK06_RS00965	TK06_RS00970	TK06_RS00975												
operon 31	240740	244458	+	4	TK06_RS00980	TK06_RS30455	TK06_RS00985	TK06_RS00990												
operon 32	249712	250262	+	2	TK06_RS01010	TK06_RS01015														
operon 33	250537	260597	-	9	TK06_RS01020	TK06_RS01025	TK06_RS01030	TK06_RS01035	TK06_RS01040	TK06_RS01045	TK06_RS01050	TK06_RS01055	TK06_RS01060							
operon 34	267192	269946	+	2	TK06_RS01080	TK06_RS01085														
operon 35	269995	271801	-	2	TK06_RS01090	TK06_RS01095														
operon 36	274501	276443	+	2	TK06_RS01105	TK06_RS01110														
operon 37	277022	279126	-	2	TK06_RS01120	TK06_RS01125														
operon 38	279239	284975	+	3	TK06_RS01130	TK06_RS01135	TK06_RS01140													
operon 39	287858	292072	-	4	TK06_RS01155	TK06_RS01160	TK06_RS01165	TK06_RS01170												
operon 40	292418	295083	-	2	TK06_RS01175	TK06_RS01180														
operon 41	299887	303202	+	4	TK06_RS01215	TK06_RS01220	TK06_RS01225	TK06_RS01230												
operon 42	303252	306342	+	3	TK06_RS01235	TK06_RS01240	TK06_RS01245													
operon 43	318247	320235	+	3	TK06_RS01290	TK06_RS01295	TK06_RS01300													
operon 44	324816	327200	-	3	TK06_RS01325	TK06_RS01330	TK06_RS01335													
operon 45	328033	338027	-	8	TK06_RS01345	TK06_RS01350	TK06_RS01355	TK06_RS01360	TK06_RS01365	TK06_RS01370	TK06_RS01375	TK06_RS01380								
operon 46	338165	342972	-	5	TK06_RS01385	TK06_RS01390	TK06_RS01395	TK06_RS01400	TK06_RS01405											
operon 47	348587	350171	-	2	TK06_RS01425	TK06_RS01430														
operon 48	351875	353619	-	2	TK06_RS01440	TK06_RS01445														
operon 49	360195	362857	+	2	TK06_RS01480	TK06_RS01485														
operon 50	363417	365903	-	3	TK06_RS01495	TK06_RS01500	TK06_RS01505													
operon 51	366212	369298	+	2	TK06_RS01510	TK06_RS01515														
operon 52	369402	373789	+	4	TK06_RS01520	TK06_RS01525	TK06_RS01530	TK06_RS01535												
operon 53	375004	377381	-	5	TK06_RS01545	TK06_RS01550	TK06_RS01555	TK06_RS01560	TK06_RS01565											
operon 54	377601	378193	-	2	TK06_RS01570	TK06_RS01575														
operon 55	379362	381663	+	2	TK06_RS01590	TK06_RS01595														
operon 56	386745	390187	-	3	TK06_RS01620	TK06_RS01625	TK06_RS01630													
operon 57	391587	393850	+	2	TK06_RS01640	TK06_RS01645														
operon 58	399515	401549	-	3	TK06_RS01675	TK06_RS01680	TK06_RS01685													
operon 59	405517	407866	-	2	TK06_RS01710	TK06_RS01715														
operon 60	408044	410097	-	2	TK06_RS01720	TK06_RS01725														
operon 61	410438	411455	+	2	TK06_RS01730	TK06_RS01735														
operon 62	411609	413459	+	2	TK06_RS01740	TK06_RS01745														
operon 63	414114	415774	+	2	TK06_RS01755	TK06_RS01760														
operon 64	419238	420768	-	2	TK06_RS01780	TK06_RS01785														
operon 65	423375	434785	+	10	TK06_RS01800	TK06_RS01805	TK06_RS01810	TK06_RS01815	TK06_RS01820	TK06_RS01825	TK06_RS01830	TK06_RS01835	TK06_RS01840	TK06_RS01845						
operon 66	437749	439355	-	2	TK06_RS01860	TK06_RS01865														
operon 67	440796	442832	+	2	TK06_RS01875	TK06_RS01880														
operon 68	449994	450517	-	2	TK06_RS01920	TK06_RS01925														
operon 69	452708	455380	+	2	TK06_RS01940	TK06_RS01945														
operon 70	456997	459394	-	2	TK06_RS01955	TK06_RS01960														
operon 71	461957	463059	+	2	TK06_RS01975	TK06_RS01980														
operon 72	467230	468656	+	2	TK06_RS02000	TK06_RS02005														
operon 73	472318	473487	+	2	TK06_RS02020	TK06_RS02025														
operon 74	481369	490073	-	9	TK06_RS02075	TK06_RS02080	TK06_RS02085	TK06_RS02090	TK06_RS02095	TK06_RS02100	TK06_RS02105	TK06_RS02110	TK06_RS02115							
operon 75	497691	500208	-	3	TK06_RS02160	TK06_RS02165	TK06_RS02170													
operon 76	502012	504569	-	3	TK06_RS02185	TK06_RS02190	TK06_RS02195													
operon 77	504871	505374	-	2	TK06_RS30485	TK06_RS02200														
operon 78	528654	530661	+	2	TK06_RS02315	TK06_RS02320														
operon 79	536108	537492	-	2	TK06_RS02350	TK06_RS02355														
operon 80	543500	548456	-	4	TK06_RS02390	TK06_RS02395	TK06_RS02400	TK06_RS02405												
operon 81	551539	554390	-	3	TK06_RS02425	TK06_RS02430	TK06_RS02435													
operon 82	554449	556218	-	2	TK06_RS02440	TK06_RS02445														
operon 83	562747	565389	-	2	TK06_RS02480	TK06_RS02485														
operon 84	569178	572030	+	2	TK06_RS02500	TK06_RS02505														
operon 85	572701	574747	-	2	TK06_RS02515	TK06_RS02520														
operon 86	575016	578003	+	3	TK06_RS02525	TK06_RS02530	TK06_RS02535													
operon 87	578285	579844	-	2	TK06_RS02540	TK06_RS02545														
operon 88	582290	586379	+	4	TK06_RS02555	TK06_RS02560	TK06_RS02565	TK06_RS02570												
operon 89	586528	590593	+	3	TK06_RS02575	TK06_RS02580	TK06_RS02585													
operon 90	590940	593497	+	2	TK06_RS02590	TK06_RS02595														
operon 91	597400	597954	-	2	TK06_RS02615	TK06_RS02620														
operon 92	601734	607794	-	6	TK06_RS02650	TK06_RS02655	TK06_RS02660	TK06_RS02665	TK06_RS02670	TK06_RS02675										
operon 93	613483	615342	-	2	TK06_RS02700	TK06_RS02705														
operon 94	616158	625606	-	8	TK06_RS02715	TK06_RS02720	TK06_RS02725	TK06_RS02730	TK06_RS02735	TK06_RS02740	TK06_RS02745	TK06_RS02750								
operon 95	625804	627875	-	2	TK06_RS02755	TK06_RS02760														
operon 96	627890	635627	+	6	TK06_RS30515	TK06_RS02765	TK06_RS02770	TK06_RS02775	TK06_RS02780	TK06_RS02785										
operon 97	644685	646408	-	2	TK06_RS02825	TK06_RS02830														
operon 98	655017	663224	-	6	TK06_RS02875	TK06_RS02880	TK06_RS02885	TK06_RS02890	TK06_RS02895	TK06_RS02900										
operon 99	663474	665789	-	2	TK06_RS02905	TK06_RS02910														
operon 100	669026	670269	-	2	TK06_RS02935	TK06_RS02940														
operon 101	671210	672881	+	2	TK06_RS02950	TK06_RS02955														
operon 102	674239	680773	+	6	TK06_RS02965	TK06_RS02970	TK06_RS02975	TK06_RS02980	TK06_RS02985	TK06_RS02990										
operon 103	681162	684633	+	2	TK06_RS02995	TK06_RS03000														
operon 104	694827	697412	+	2	TK06_RS03025	TK06_RS03030														
operon 105	697531	699031	+	2	TK06_RS03035	TK06_RS03040														
operon 106	699810	705291	-	3	TK06_RS03050	TK06_RS03055	TK06_RS03060													
operon 107	705629	712472	-	6	TK06_RS03065	TK06_RS03070	TK06_RS03075	TK06_RS03080	TK06_RS03085	TK06_RS03090										
operon 108	714234	719455	-	5	TK06_RS03105	TK06_RS03110	TK06_RS03115	TK06_RS03120	TK06_RS03125											
operon 109	731648	733801	+	3	TK06_RS03170	TK06_RS03175	TK06_RS03180													
operon 110	733969	735029	-	2	TK06_RS03185	TK06_RS03190														
operon 111	736222	741760	+	5	TK06_RS03205	TK06_RS03210	TK06_RS03215	TK06_RS03220	TK06_RS03225											
operon 112	741933	744562	+	2	TK06_RS03230	TK06_RS03235														
operon 113	762265	764312	-	2	TK06_RS03255	TK06_RS03260														
operon 114	768952	774320	+	5	TK06_RS03285	TK06_RS03290	TK06_RS03295	TK06_RS03300	TK06_RS03305											
operon 115	776215	781935	-	6	TK06_RS03320	TK06_RS03325	TK06_RS03330	TK06_RS03335	TK06_RS03340	TK06_RS03345										
operon 116	783039	784528	-	2	TK06_RS03355	TK06_RS03360														
operon 117	784720	786764	-	2	TK06_RS03365	TK06_RS03370														
operon 118	797027	799713	+	2	TK06_RS03420	TK06_RS03425														
operon 119	801515	808519	-	9	TK06_RS03435	TK06_RS03440	TK06_RS03445	TK06_RS03450	TK06_RS03455	TK06_RS03460	TK06_RS03465	TK06_RS03470	TK06_RS03475							
operon 120	808710	810722	-	2	TK06_RS03480	TK06_RS03485														
operon 121	810921	812562	+	3	TK06_RS03490	TK06_RS03495	TK06_RS03500													
operon 122	812813	814684	+	2	TK06_RS03505	TK06_RS03510														
operon 123	816709	817589	-	2	TK06_RS03520	TK06_RS03525														
operon 124	818156	819809	+	2	TK06_RS03530	TK06_RS03535														
operon 125	822406	824928	+	3	TK06_RS03550	TK06_RS03555	TK06_RS03560													
operon 126	825010	827371	+	3	TK06_RS03565	TK06_RS03570	TK06_RS03575													
operon 127	828743	831186	-	2	TK06_RS03585	TK06_RS03590														
operon 128	831492	842977	+	8	TK06_RS03595	TK06_RS03600	TK06_RS03605	TK06_RS03610	TK06_RS03615	TK06_RS03620	TK06_RS03625	TK06_RS03630								
operon 129	843255	846155	+	3	TK06_RS03635	TK06_RS03640	TK06_RS03645													
operon 130	859541	860952	+	3	TK06_RS30530	TK06_RS03710	TK06_RS03715													
operon 131	866960	870275	+	3	TK06_RS03740	TK06_RS03745	TK06_RS03750													
operon 132	875512	877585	-	2	TK06_RS03775	TK06_RS03780														
operon 133	878561	880654	-	3	TK06_RS03790	TK06_RS03795	TK06_RS03800													
operon 134	880977	882061	-	2	TK06_RS03805	TK06_RS03810														
operon 135	884233	885479	+	2	TK06_RS03820	TK06_RS03825														
operon 136	885484	886739	-	2	TK06_RS03830	TK06_RS03835														
operon 137	896431	900884	-	3	TK06_RS03870	TK06_RS03875	TK06_RS03880													
operon 138	912130	920365	+	4	TK06_RS03910	TK06_RS03915	TK06_RS03920	TK06_RS03925												
operon 139	928292	931182	-	2	TK06_RS03945	TK06_RS03950														
operon 140	931382	932919	+	2	TK06_RS03955	TK06_RS03960														
operon 141	935037	937475	-	2	TK06_RS03975	TK06_RS03980														
operon 142	937682	942098	-	4	TK06_RS03985	TK06_RS03990	TK06_RS03995	TK06_RS04000												
operon 143	944886	946627	-	2	TK06_RS04015	TK06_RS04020														
operon 144	946888	953425	+	5	TK06_RS04025	TK06_RS04030	TK06_RS04035	TK06_RS04040	TK06_RS04045											
operon 145	953693	956862	-	2	TK06_RS04050	TK06_RS04055														
operon 146	958560	964426	-	3	TK06_RS04065	TK06_RS04070	TK06_RS04075													
operon 147	967218	969320	+	2	TK06_RS04095	TK06_RS04100														
operon 148	969378	971675	-	2	TK06_RS04105	TK06_RS04110														
operon 149	971894	976080	+	2	TK06_RS04115	TK06_RS04120														
operon 150	977661	982015	+	3	TK06_RS04130	TK06_RS04135	TK06_RS04140													
operon 151	991394	993729	+	3	TK06_RS04185	TK06_RS04190	TK06_RS04195													
operon 152	1001157	1003016	-	2	TK06_RS04225	TK06_RS04230														
operon 153	1011922	1015140	+	4	TK06_RS04265	TK06_RS04270	TK06_RS04275	TK06_RS04280												
operon 154	1018769	1020912	+	2	TK06_RS04300	TK06_RS04305														
operon 155	1025206	1026948	-	3	TK06_RS04325	TK06_RS04330	TK06_RS04335													
operon 156	1032960	1036458	-	3	TK06_RS04365	TK06_RS04370	TK06_RS04375													
operon 157	1044733	1045860	-	2	TK06_RS04410	TK06_RS04415														
operon 158	1046380	1048264	-	2	TK06_RS04425	TK06_RS04430														
operon 159	1049160	1052135	-	3	TK06_RS04440	TK06_RS04445	TK06_RS04450													
operon 160	1060242	1062514	+	3	TK06_RS04485	TK06_RS04490	TK06_RS04495													
operon 161	1063519	1067794	-	2	TK06_RS04505	TK06_RS04510														
operon 162	1078330	1080665	-	2	TK06_RS04550	TK06_RS04555														
operon 163	1088837	1089848	+	2	TK06_RS04605	TK06_RS04610														
operon 164	1089993	1091172	+	2	TK06_RS04615	TK06_RS04620														
operon 165	1092292	1093382	-	2	TK06_RS04630	TK06_RS04635														
operon 166	1099512	1101671	-	4	TK06_RS04660	TK06_RS04665	TK06_RS04670	TK06_RS04675												
operon 167	1103259	1105221	-	2	TK06_RS04685	TK06_RS04690														
operon 168	1108293	1109734	-	2	TK06_RS04710	TK06_RS04715														
operon 169	1114202	1120055	+	3	TK06_RS04745	TK06_RS04750	TK06_RS04755													
operon 170	1120572	1128033	-	9	TK06_RS04760	TK06_RS04765	TK06_RS04770	TK06_RS04775	TK06_RS04780	TK06_RS04785	TK06_RS04790	TK06_RS04795	TK06_RS04800							
operon 171	1130844	1135942	-	6	TK06_RS04815	TK06_RS04820	TK06_RS30600	TK06_RS04830	TK06_RS04835	TK06_RS04840										
operon 172	1142260	1143997	-	3	TK06_RS04880	TK06_RS04885	TK06_RS04890													
operon 173	1144141	1148839	-	6	TK06_RS30605	TK06_RS04900	TK06_RS04905	TK06_RS04910	TK06_RS04915	TK06_RS04920										
operon 174	1153214	1155231	-	3	TK06_RS04945	TK06_RS04950	TK06_RS04955													
operon 175	1157806	1159590	-	2	TK06_RS04975	TK06_RS04980														
operon 176	1159698	1161634	-	2	TK06_RS04985	TK06_RS04990														
operon 177	1164695	1165889	-	2	TK06_RS05005	TK06_RS05010														
operon 178	1170296	1172244	+	2	TK06_RS05040	TK06_RS05045														
operon 179	1175648	1178249	+	2	TK06_RS05065	TK06_RS05070														
operon 180	1184934	1187905	-	3	TK06_RS05110	TK06_RS05115	TK06_RS05120													
operon 181	1189155	1189853	-	2	TK06_RS05130	TK06_RS05135														
operon 182	1193879	1196022	-	2	TK06_RS05150	TK06_RS05155														
operon 183	1196073	1199380	-	3	TK06_RS05160	TK06_RS05165	TK06_RS05170													
operon 184	1199480	1201668	-	2	TK06_RS05175	TK06_RS05180														
operon 185	1205425	1208087	+	3	TK06_RS05200	TK06_RS05205	TK06_RS05210													
operon 186	1208134	1210156	+	3	TK06_RS05215	TK06_RS05220	TK06_RS05225													
operon 187	1214067	1216204	+	2	TK06_RS05250	TK06_RS05255														
operon 188	1220141	1221992	-	2	TK06_RS05280	TK06_RS05285														
operon 189	1223116	1224467	+	2	TK06_RS05300	TK06_RS05305														
operon 190	1224689	1226959	+	2	TK06_RS05310	TK06_RS05315														
operon 191	1232393	1237114	+	3	TK06_RS05340	TK06_RS05345	TK06_RS05350													
operon 192	1254266	1262879	-	5	TK06_RS05410	TK06_RS05415	TK06_RS05420	TK06_RS05425	TK06_RS05430											
operon 193	1263441	1266412	-	4	TK06_RS05435	TK06_RS05440	TK06_RS05445	TK06_RS05450												
operon 194	1278642	1280674	-	2	TK06_RS05490	TK06_RS05495														
operon 195	1281875	1285028	+	4	TK06_RS05505	TK06_RS05510	TK06_RS05515	TK06_RS05520												
operon 196	1285173	1286450	+	2	TK06_RS05525	TK06_RS05530														
operon 197	1288309	1293063	-	4	TK06_RS05545	TK06_RS05550	TK06_RS05555	TK06_RS05560												
operon 198	1306473	1309420	+	2	TK06_RS05605	TK06_RS05610														
operon 199	1311735	1313683	-	2	TK06_RS05625	TK06_RS05630														
operon 200	1318799	1320778	+	3	TK06_RS05645	TK06_RS05650	TK06_RS05655													
operon 201	1320921	1326472	-	5	TK06_RS05660	TK06_RS05665	TK06_RS05670	TK06_RS05675	TK06_RS05680											
operon 202	1327357	1331301	+	3	TK06_RS05690	TK06_RS05695	TK06_RS05700													
operon 203	1333235	1335606	+	2	TK06_RS05720	TK06_RS05725														
operon 204	1335759	1337802	+	3	TK06_RS05730	TK06_RS05735	TK06_RS05740													
operon 205	1339629	1345199	+	5	TK06_RS05750	TK06_RS05755	TK06_RS05760	TK06_RS05765	TK06_RS05770											
operon 206	1345431	1347692	-	2	TK06_RS05775	TK06_RS05780														
operon 207	1348712	1352605	-	4	TK06_RS05790	TK06_RS05795	TK06_RS05800	TK06_RS05805												
operon 208	1353678	1355042	-	2	TK06_RS05815	TK06_RS05820														
operon 209	1359262	1360635	-	2	TK06_RS05840	TK06_RS05845														
operon 210	1363003	1365593	-	2	TK06_RS05860	TK06_RS05865														
operon 211	1373168	1373685	+	2	TK06_RS05910	TK06_RS05915														
operon 212	1375292	1381113	+	5	TK06_RS05925	TK06_RS05930	TK06_RS05935	TK06_RS05940	TK06_RS05945											
operon 213	1381239	1384094	+	3	TK06_RS05950	TK06_RS05955	TK06_RS05960													
operon 214	1386415	1389943	-	3	TK06_RS05975	TK06_RS05980	TK06_RS05985													
operon 215	1389990	1395161	-	5	TK06_RS05990	TK06_RS05995	TK06_RS06000	TK06_RS06005	TK06_RS06010											
operon 216	1396443	1408689	+	9	TK06_RS06025	TK06_RS06030	TK06_RS06035	TK06_RS06040	TK06_RS06045	TK06_RS06050	TK06_RS06055	TK06_RS06060	TK06_RS06065							
operon 217	1408829	1411552	+	2	TK06_RS06070	TK06_RS06075														
operon 218	1413724	1416523	-	3	TK06_RS06090	TK06_RS06095	TK06_RS06100													
operon 219	1421136	1427310	-	4	TK06_RS06130	TK06_RS06135	TK06_RS06140	TK06_RS06145												
operon 220	1430181	1436138	-	3	TK06_RS06165	TK06_RS06170	TK06_RS06175													
operon 221	1438735	1446572	-	5	TK06_RS06190	TK06_RS06195	TK06_RS06200	TK06_RS06205	TK06_RS06210											
operon 222	1446712	1448663	-	2	TK06_RS06215	TK06_RS06220														
operon 223	1458947	1459448	-	2	TK06_RS06290	TK06_RS06295														
operon 224	1475736	1477057	+	2	TK06_RS06360	TK06_RS06365														
operon 225	1487443	1490105	-	2	TK06_RS06405	TK06_RS06410														
operon 226	1490330	1491039	-	2	TK06_RS06415	TK06_RS06420														
operon 227	1494252	1495901	-	2	TK06_RS06450	TK06_RS06455														
operon 228	1496196	1500772	-	2	TK06_RS06460	TK06_RS06465														
operon 229	1500963	1505371	-	2	TK06_RS06470	TK06_RS06475														
operon 230	1509370	1518400	-	9	TK06_RS06505	TK06_RS06510	TK06_RS06515	TK06_RS06520	TK06_RS06525	TK06_RS06530	TK06_RS06535	TK06_RS06540	TK06_RS06545							
operon 231	1518857	1522014	-	3	TK06_RS06550	TK06_RS06555	TK06_RS06560													
operon 232	1522610	1524939	-	2	TK06_RS30650	TK06_RS06565														
operon 233	1527359	1529632	-	2	TK06_RS06575	TK06_RS06580														
operon 234	1529947	1531972	+	2	TK06_RS06585	TK06_RS06590														
operon 235	1532083	1534227	-	2	TK06_RS06595	TK06_RS06600														
operon 236	1537147	1538984	-	2	TK06_RS06620	TK06_RS06625														
operon 237	1541471	1544381	+	3	TK06_RS06645	TK06_RS06650	TK06_RS06655													
operon 238	1545963	1548895	+	3	TK06_RS06670	TK06_RS06675	TK06_RS06680													
operon 239	1553685	1554761	+	2	TK06_RS06705	TK06_RS06710														
operon 240	1554840	1557214	+	3	TK06_RS06715	TK06_RS06720	TK06_RS06725													
operon 241	1558472	1560536	-	2	TK06_RS06735	TK06_RS06740														
operon 242	1565010	1568686	-	3	TK06_RS06760	TK06_RS06765	TK06_RS06770													
operon 243	1571264	1572627	+	2	TK06_RS06785	TK06_RS06790														
operon 244	1575198	1578780	-	4	TK06_RS06805	TK06_RS06810	TK06_RS06815	TK06_RS06820												
operon 245	1582361	1587326	+	6	TK06_RS06840	TK06_RS06845	TK06_RS06850	TK06_RS06855	TK06_RS06860	TK06_RS06865										
operon 246	1587348	1588752	-	3	TK06_RS06870	TK06_RS06875	TK06_RS06880													
operon 247	1591581	1595605	+	3	TK06_RS06900	TK06_RS30655	TK06_RS06905													
operon 248	1596200	1599327	+	4	TK06_RS06915	TK06_RS06920	TK06_RS06925	TK06_RS06930												
operon 249	1599511	1606182	-	4	TK06_RS06935	TK06_RS06940	TK06_RS06945	TK06_RS06950												
operon 250	1606270	1608579	-	2	TK06_RS06955	TK06_RS06960														
operon 251	1617576	1620087	-	2	TK06_RS06995	TK06_RS07000														
operon 252	1626064	1629121	-	4	TK06_RS07020	TK06_RS07025	TK06_RS07030	TK06_RS07035												
operon 253	1634368	1638067	+	4	TK06_RS07060	TK06_RS07065	TK06_RS07070	TK06_RS07075												
operon 254	1638215	1639474	+	2	TK06_RS07080	TK06_RS07085														
operon 255	1639634	1643366	-	2	TK06_RS07090	TK06_RS07095														
operon 256	1643699	1651458	-	6	TK06_RS07100	TK06_RS07105	TK06_RS07110	TK06_RS07115	TK06_RS07120	TK06_RS07125										
operon 257	1655263	1658560	-	3	TK06_RS07135	TK06_RS07140	TK06_RS07145													
operon 258	1665754	1670190	-	3	TK06_RS07155	TK06_RS07160	TK06_RS07165													
operon 259	1673078	1675558	-	2	TK06_RS07180	TK06_RS07185														
operon 260	1679300	1682658	-	3	TK06_RS07205	TK06_RS07210	TK06_RS07215													
operon 261	1682726	1686398	-	4	TK06_RS07220	TK06_RS07225	TK06_RS07230	TK06_RS07235												
operon 262	1690418	1692055	-	2	TK06_RS07260	TK06_RS07265														
operon 263	1704446	1707139	+	2	TK06_RS07335	TK06_RS07340														
operon 264	1707865	1709918	+	2	TK06_RS07350	TK06_RS07355														
operon 265	1714633	1719759	-	4	TK06_RS07385	TK06_RS07390	TK06_RS07395	TK06_RS07400												
operon 266	1726379	1727276	+	2	TK06_RS07435	TK06_RS07440														
operon 267	1738522	1743597	+	5	TK06_RS07485	TK06_RS07490	TK06_RS07495	TK06_RS07500	TK06_RS07505											
operon 268	1743712	1753857	-	9	TK06_RS07510	TK06_RS07515	TK06_RS07520	TK06_RS07525	TK06_RS07530	TK06_RS07535	TK06_RS07540	TK06_RS07545	TK06_RS07550							
operon 269	1755545	1758126	-	2	TK06_RS07565	TK06_RS07570														
operon 270	1758236	1760384	-	2	TK06_RS07575	TK06_RS07580														
operon 271	1761328	1763342	-	2	TK06_RS07590	TK06_RS07595														
operon 272	1763474	1767515	+	4	TK06_RS07600	TK06_RS07605	TK06_RS07610	TK06_RS07615												
operon 273	1772693	1774814	+	2	TK06_RS07640	TK06_RS07645														
operon 274	1776602	1779931	-	2	TK06_RS07655	TK06_RS07660														
operon 275	1785350	1789609	+	3	TK06_RS07690	TK06_RS07695	TK06_RS07700													
operon 276	1791331	1794757	+	3	TK06_RS07710	TK06_RS07715	TK06_RS07720													
operon 277	1794801	1797046	+	4	TK06_RS07725	TK06_RS07730	TK06_RS07735	TK06_RS07740												
operon 278	1797092	1803386	-	7	TK06_RS07745	TK06_RS07750	TK06_RS07755	TK06_RS07760	TK06_RS07765	TK06_RS07770	TK06_RS07775									
operon 279	1810413	1812946	-	3	TK06_RS07810	TK06_RS07815	TK06_RS07820													
operon 280	1825739	1836371	+	8	TK06_RS07875	TK06_RS07880	TK06_RS07885	TK06_RS07890	TK06_RS07895	TK06_RS07900	TK06_RS07905	TK06_RS07910								
operon 281	1836508	1841652	+	4	TK06_RS07915	TK06_RS07920	TK06_RS07925	TK06_RS07930												
operon 282	1850003	1854457	-	3	TK06_RS07960	TK06_RS07965	TK06_RS07970													
operon 283	1856807	1861790	+	4	TK06_RS07985	TK06_RS07990	TK06_RS07995	TK06_RS08000												
operon 284	1861909	1866512	+	2	TK06_RS08005	TK06_RS08010														
operon 285	1868020	1872089	+	5	TK06_RS08025	TK06_RS08030	TK06_RS08035	TK06_RS08040	TK06_RS08045											
operon 286	1873878	1875372	-	2	TK06_RS08055	TK06_RS08060														
operon 287	1877340	1879707	-	2	TK06_RS08075	TK06_RS08080														
operon 288	1883343	1886573	+	4	TK06_RS08095	TK06_RS08100	TK06_RS08105	TK06_RS08110												
operon 289	1889880	1893624	+	4	TK06_RS08130	TK06_RS08135	TK06_RS08140	TK06_RS08145												
operon 290	1899027	1900709	-	2	TK06_RS08165	TK06_RS08170														
operon 291	1901658	1930441	-	5	TK06_RS08180	TK06_RS08185	TK06_RS08190	TK06_RS08195	TK06_RS08200											
operon 292	1932613	1935442	-	3	TK06_RS08215	TK06_RS08220	TK06_RS08225													
operon 293	1938321	1941959	+	3	TK06_RS08235	TK06_RS08240	TK06_RS08245													
operon 294	1944660	1946627	+	2	TK06_RS08255	TK06_RS08260														
operon 295	1946724	1949315	-	2	TK06_RS08265	TK06_RS08270														
operon 296	1951559	1957344	+	5	TK06_RS08280	TK06_RS08285	TK06_RS08290	TK06_RS08295	TK06_RS08300											
operon 297	1959218	1961177	+	2	TK06_RS08315	TK06_RS08320														
operon 298	1964569	1968837	+	2	TK06_RS08340	TK06_RS08345														
operon 299	1968970	1971969	-	3	TK06_RS08350	TK06_RS08355	TK06_RS08360													
operon 300	1980108	1982868	+	3	TK06_RS08405	TK06_RS08410	TK06_RS08415													
operon 301	1984203	1986391	+	2	TK06_RS08425	TK06_RS08430														
operon 302	1990226	1994230	+	3	TK06_RS08445	TK06_RS08450	TK06_RS08455													
operon 303	1994295	1997289	+	3	TK06_RS08460	TK06_RS08465	TK06_RS08470													
operon 304	2005535	2007510	+	2	TK06_RS08515	TK06_RS08520														
operon 305	2007769	2009389	-	2	TK06_RS08525	TK06_RS08530														
operon 306	2011840	2016948	-	5	TK06_RS08545	TK06_RS08550	TK06_RS08555	TK06_RS08560	TK06_RS08565											
operon 307	2019973	2024961	-	6	TK06_RS08580	TK06_RS08585	TK06_RS08590	TK06_RS08595	TK06_RS08600	TK06_RS08605										
operon 308	2025613	2027663	+	2	TK06_RS08610	TK06_RS08615														
operon 309	2029718	2031176	+	2	TK06_RS08630	TK06_RS08635														
operon 310	2031186	2033697	-	2	TK06_RS08640	TK06_RS08645														
operon 311	2038040	2042070	-	2	TK06_RS08660	TK06_RS08665														
operon 312	2042533	2044464	+	2	TK06_RS08670	TK06_RS08675														
operon 313	2046985	2047841	-	2	TK06_RS08690	TK06_RS08695														
operon 314	2051415	2054579	-	3	TK06_RS08715	TK06_RS08720	TK06_RS08725													
operon 315	2054767	2057264	+	2	TK06_RS08730	TK06_RS08735														
operon 316	2057416	2061432	+	4	TK06_RS08740	TK06_RS08745	TK06_RS08750	TK06_RS08755												
operon 317	2065853	2069529	-	2	TK06_RS08775	TK06_RS08780														
operon 318	2069813	2072259	+	2	TK06_RS08785	TK06_RS08790														
operon 319	2072616	2075413	+	3	TK06_RS08795	TK06_RS08800	TK06_RS08805													
operon 320	2084266	2087091	+	2	TK06_RS08845	TK06_RS08850														
operon 321	2088700	2091320	+	3	TK06_RS08860	TK06_RS08865	TK06_RS08870													
operon 322	2092495	2096441	-	2	TK06_RS08880	TK06_RS08885														
operon 323	2096643	2100298	+	2	TK06_RS08890	TK06_RS08895														
operon 324	2100314	2110247	-	10	TK06_RS08900	TK06_RS08905	TK06_RS08910	TK06_RS08915	TK06_RS08920	TK06_RS08925	TK06_RS08930	TK06_RS08935	TK06_RS08940	TK06_RS08945						
operon 325	2113342	2115945	+	2	TK06_RS08960	TK06_RS08965														
operon 326	2120365	2122175	+	2	TK06_RS08980	TK06_RS08985														
operon 327	2123285	2125882	-	3	TK06_RS08995	TK06_RS09000	TK06_RS09005													
operon 328	2129047	2131564	+	3	TK06_RS09020	TK06_RS09025	TK06_RS09030													
operon 329	2131715	2136029	+	4	TK06_RS09035	TK06_RS09040	TK06_RS09045	TK06_RS09050												
operon 330	2142347	2148782	+	6	TK06_RS09075	TK06_RS09080	TK06_RS09085	TK06_RS09090	TK06_RS09095	TK06_RS09100										
operon 331	2148793	2152413	-	3	TK06_RS09105	TK06_RS09110	TK06_RS09115													
operon 332	2154302	2159225	-	2	TK06_RS09130	TK06_RS09135														
operon 333	2161841	2165930	-	3	TK06_RS09155	TK06_RS09160	TK06_RS09165													
operon 334	2166500	2179348	-	12	TK06_RS09170	TK06_RS09175	TK06_RS09180	TK06_RS09185	TK06_RS09190	TK06_RS09195	TK06_RS09200	TK06_RS09205	TK06_RS09210	TK06_RS09215	TK06_RS09220	TK06_RS09225				
operon 335	2199730	2203892	+	5	TK06_RS09290	TK06_RS09295	TK06_RS09300	TK06_RS09305	TK06_RS09310											
operon 336	2204008	2205595	-	2	TK06_RS09315	TK06_RS09320														
operon 337	2205930	2207684	-	2	TK06_RS09325	TK06_RS09330														
operon 338	2208101	2209835	+	3	TK06_RS09335	TK06_RS09340	TK06_RS09345													
operon 339	2212780	2213719	+	2	TK06_RS09360	TK06_RS09365														
operon 340	2217135	2218446	+	3	TK06_RS09385	TK06_RS09390	TK06_RS30710													
operon 341	2220727	2222990	-	2	TK06_RS30720	TK06_RS09400														
operon 342	2223041	2227007	-	3	TK06_RS09405	TK06_RS09410	TK06_RS30725													
operon 343	2229653	2232625	+	2	TK06_RS09420	TK06_RS09425														
operon 344	2233439	2234769	-	2	TK06_RS09435	TK06_RS09440														
operon 345	2241715	2243548	+	2	TK06_RS09480	TK06_RS09485														
operon 346	2247366	2249023	-	2	TK06_RS09505	TK06_RS09510														
operon 347	2254396	2258002	-	2	TK06_RS09540	TK06_RS09545														
operon 348	2260375	2262706	-	2	TK06_RS09560	TK06_RS09565														
operon 349	2270692	2271277	-	2	TK06_RS09605	TK06_RS09610														
operon 350	2273106	2274872	-	2	TK06_RS09620	TK06_RS09625														
operon 351	2277425	2280185	+	3	TK06_RS09635	TK06_RS09640	TK06_RS09645													
operon 352	2281438	2283333	+	2	TK06_RS09655	TK06_RS09660														
operon 353	2289767	2292344	-	3	TK06_RS09685	TK06_RS09690	TK06_RS09695													
operon 354	2292400	2295623	-	2	TK06_RS09700	TK06_RS09705														
operon 355	2300941	2303539	+	2	TK06_RS09725	TK06_RS09730														
operon 356	2305671	2308759	+	4	TK06_RS09745	TK06_RS09750	TK06_RS09755	TK06_RS09760												
operon 357	2309685	2315413	-	3	TK06_RS09770	TK06_RS09775	TK06_RS09780													
operon 358	2320609	2323778	+	3	TK06_RS09810	TK06_RS09815	TK06_RS09820													
operon 359	2325953	2327723	-	2	TK06_RS09835	TK06_RS09840														
operon 360	2336895	2340397	+	4	TK06_RS09880	TK06_RS09885	TK06_RS09890	TK06_RS09895												
operon 361	2340549	2342256	+	3	TK06_RS09900	TK06_RS09905	TK06_RS09910													
operon 362	2348101	2353863	+	7	TK06_RS09945	TK06_RS09950	TK06_RS09955	TK06_RS30760	TK06_RS09965	TK06_RS09970	TK06_RS09975									
operon 363	2353983	2361568	+	9	TK06_RS09980	TK06_RS09985	TK06_RS09990	TK06_RS30765	TK06_RS09995	TK06_RS10000	TK06_RS10005	TK06_RS10010	TK06_RS10015							
operon 364	2363040	2367248	+	4	TK06_RS10030	TK06_RS10035	TK06_RS10040	TK06_RS10045												
operon 365	2374751	2376387	-	2	TK06_RS10080	TK06_RS10085														
operon 366	2377874	2387697	+	4	TK06_RS10095	TK06_RS30785	TK06_RS10110	TK06_RS10115												
operon 367	2390123	2391523	-	2	TK06_RS10130	TK06_RS10135														
operon 368	2391641	2393451	-	3	TK06_RS10140	TK06_RS10145	TK06_RS10150													
operon 369	2395431	2397331	+	3	TK06_RS10175	TK06_RS10180	TK06_RS10185													
operon 370	2398009	2401611	-	3	TK06_RS10190	TK06_RS10195	TK06_RS10200													
operon 371	2408977	2412037	-	3	TK06_RS10230	TK06_RS10235	TK06_RS10240													
operon 372	2412165	2413368	-	2	TK06_RS10245	TK06_RS10250														
operon 373	2417876	2423425	+	4	TK06_RS10275	TK06_RS10280	TK06_RS10285	TK06_RS10290												
operon 374	2425377	2426704	-	2	TK06_RS10305	TK06_RS10310														
operon 375	2426810	2428884	+	2	TK06_RS10315	TK06_RS10320														
operon 376	2429187	2431362	+	2	TK06_RS10325	TK06_RS10330														
operon 377	2434800	2437661	+	2	TK06_RS10345	TK06_RS10350														
operon 378	2438916	2440939	-	2	TK06_RS10360	TK06_RS10365														
operon 379	2441174	2444611	-	5	TK06_RS10370	TK06_RS10375	TK06_RS10380	TK06_RS10385	TK06_RS10390											
operon 380	2444933	2448202	-	5	TK06_RS10395	TK06_RS10400	TK06_RS10405	TK06_RS10410	TK06_RS10415											
operon 381	2449483	2454324	-	2	TK06_RS10425	TK06_RS10430														
operon 382	2455159	2457279	+	4	TK06_RS10435	TK06_RS10440	TK06_RS10445	TK06_RS10450												
operon 383	2466318	2468454	+	2	TK06_RS10480	TK06_RS10485														
operon 384	2471164	2473809	+	2	TK06_RS10505	TK06_RS10510														
operon 385	2475898	2478389	-	2	TK06_RS10530	TK06_RS10535														
operon 386	2478665	2485541	-	5	TK06_RS10540	TK06_RS10545	TK06_RS10550	TK06_RS10555	TK06_RS10560											
operon 387	2486909	2488694	-	2	TK06_RS10570	TK06_RS10575														
operon 388	2496012	2497489	-	2	TK06_RS10600	TK06_RS10605														
operon 389	2508111	2510703	+	3	TK06_RS10665	TK06_RS10670	TK06_RS10675													
operon 390	2512440	2515152	+	2	TK06_RS10685	TK06_RS10690														
operon 391	2515349	2520939	-	2	TK06_RS10695	TK06_RS10700														
operon 392	2524229	2528575	+	5	TK06_RS30800	TK06_RS30805	TK06_RS30810	TK06_RS10715	TK06_RS30815											
operon 393	2532804	2534508	-	2	TK06_RS10745	TK06_RS10750														
operon 394	2545772	2549217	+	4	TK06_RS10800	TK06_RS10805	TK06_RS10810	TK06_RS10815												
operon 395	2553078	2554630	-	2	TK06_RS10840	TK06_RS10845														
operon 396	2555657	2557794	-	2	TK06_RS10855	TK06_RS10860														
operon 397	2563984	2565589	+	2	TK06_RS10900	TK06_RS10905														
operon 398	2567107	2573987	+	6	TK06_RS10915	TK06_RS10920	TK06_RS10925	TK06_RS10930	TK06_RS10935	TK06_RS10940										
operon 399	2574036	2576694	+	2	TK06_RS10945	TK06_RS10950														
operon 400	2578385	2579715	-	2	TK06_RS10965	TK06_RS10970														
operon 401	2580015	2585030	+	5	TK06_RS10975	TK06_RS10980	TK06_RS10985	TK06_RS10990	TK06_RS10995											
operon 402	2587462	2589031	+	3	TK06_RS11010	TK06_RS11015	TK06_RS11020													
operon 403	2592769	2594162	+	2	TK06_RS11040	TK06_RS11045														
operon 404	2596712	2602272	+	4	TK06_RS11055	TK06_RS11060	TK06_RS11065	TK06_RS11070												
operon 405	2605125	2606740	-	2	TK06_RS11090	TK06_RS11095														
operon 406	2606909	2608164	+	2	TK06_RS11100	TK06_RS11105														
operon 407	2619496	2621666	+	2	TK06_RS11155	TK06_RS11160														
operon 408	2639182	2640209	-	2	TK06_RS11245	TK06_RS11250														
operon 409	2649610	2653050	-	2	TK06_RS11300	TK06_RS11305														
operon 410	2657788	2658392	+	2	TK06_RS11330	TK06_RS11335														
operon 411	2661731	2664551	-	2	TK06_RS11355	TK06_RS11360														
operon 412	2665694	2666873	-	2	TK06_RS11370	TK06_RS11375														
operon 413	2667136	2668720	+	3	TK06_RS30825	TK06_RS11380	TK06_RS11385													
operon 414	2669108	2670053	+	2	TK06_RS11390	TK06_RS11395														
operon 415	2674821	2676484	-	2	TK06_RS11420	TK06_RS11425														
operon 416	2678806	2680243	-	2	TK06_RS11445	TK06_RS11450														
operon 417	2680401	2682436	+	2	TK06_RS11455	TK06_RS11460														
operon 418	2683135	2686384	-	3	TK06_RS11465	TK06_RS11470	TK06_RS11475													
operon 419	2686479	2687794	+	2	TK06_RS11480	TK06_RS11485														
operon 420	2693728	2700459	+	3	TK06_RS11510	TK06_RS11515	TK06_RS11520													
operon 421	2702706	2703798	+	2	TK06_RS11535	TK06_RS11540														
operon 422	2708042	2711395	-	2	TK06_RS11565	TK06_RS11570														
operon 423	2730529	2733732	+	4	TK06_RS11645	TK06_RS11650	TK06_RS11655	TK06_RS11660												
operon 424	2734242	2737464	+	4	TK06_RS11665	TK06_RS11670	TK06_RS11675	TK06_RS11680												
operon 425	2737612	2738327	+	2	TK06_RS11685	TK06_RS11690														
operon 426	2738597	2740563	+	2	TK06_RS11695	TK06_RS11700														
operon 427	2740743	2744112	+	3	TK06_RS11705	TK06_RS11710	TK06_RS11715													
operon 428	2744233	2747069	+	3	TK06_RS11720	TK06_RS11725	TK06_RS11730													
operon 429	2761901	2766051	-	2	TK06_RS11795	TK06_RS11800														
operon 430	2766316	2770162	+	2	TK06_RS11805	TK06_RS11810														
operon 431	2770317	2772483	+	2	TK06_RS11815	TK06_RS11820														
operon 432	2785576	2788253	-	5	TK06_RS11865	TK06_RS11870	TK06_RS11875	TK06_RS11880	TK06_RS11885											
operon 433	2788313	2789758	-	2	TK06_RS11890	TK06_RS11895														
operon 434	2789878	2791529	-	2	TK06_RS11900	TK06_RS11905														
operon 435	2791843	2794529	-	3	TK06_RS11910	TK06_RS11915	TK06_RS30835													
operon 436	2794599	2796865	-	2	TK06_RS11925	TK06_RS11930														
operon 437	2797341	2800080	-	4	TK06_RS11935	TK06_RS11940	TK06_RS11945	TK06_RS11950												
operon 438	2800995	2809167	-	7	TK06_RS11960	TK06_RS11965	TK06_RS11970	TK06_RS11975	TK06_RS11980	TK06_RS11985	TK06_RS11990									
operon 439	2809411	2811212	+	2	TK06_RS11995	TK06_RS12000														
operon 440	2811583	2814477	+	2	TK06_RS12005	TK06_RS12010														
operon 441	2814933	2821183	+	4	TK06_RS12015	TK06_RS12020	TK06_RS12025	TK06_RS12030												
operon 442	2822524	2824278	-	3	TK06_RS12040	TK06_RS12045	TK06_RS12050													
operon 443	2824342	2825854	-	2	TK06_RS12055	TK06_RS12060														
operon 444	2829557	2830601	+	2	TK06_RS30840	TK06_RS12075														
operon 445	2832767	2834491	-	2	TK06_RS12090	TK06_RS12095														
operon 446	2834832	2836843	-	2	TK06_RS12100	TK06_RS12105														
operon 447	2837019	2840358	+	3	TK06_RS12110	TK06_RS12115	TK06_RS12120													
operon 448	2855817	2857677	-	2	TK06_RS12145	TK06_RS12150														
operon 449	2860579	2863386	+	2	TK06_RS12165	TK06_RS12170														
operon 450	2866681	2868485	-	2	TK06_RS12190	TK06_RS12195														
operon 451	2869669	2871218	+	2	TK06_RS12205	TK06_RS12210														
operon 452	2872835	2874584	-	2	TK06_RS12225	TK06_RS12230														
operon 453	2874663	2875562	+	2	TK06_RS12235	TK06_RS12240														
operon 454	2876604	2877253	-	2	TK06_RS12250	TK06_RS12255														
operon 455	2880721	2881759	+	3	TK06_RS12270	TK06_RS12275	TK06_RS12280													
operon 456	2890996	2892365	-	2	TK06_RS12305	TK06_RS12310														
operon 457	2894834	2895777	-	2	TK06_RS12320	TK06_RS12325														
operon 458	2910033	2911501	+	2	TK06_RS12395	TK06_RS12400														
operon 459	2913597	2914468	+	2	TK06_RS12415	TK06_RS12420														
operon 460	2915561	2918037	-	3	TK06_RS12430	TK06_RS12435	TK06_RS12440													
operon 461	2922960	2926679	+	3	TK06_RS12475	TK06_RS12480	TK06_RS12485													
operon 462	2936270	2939684	-	2	TK06_RS12540	TK06_RS12545														
operon 463	2940552	2944409	-	3	TK06_RS12555	TK06_RS12560	TK06_RS12565													
operon 464	2946682	2948202	-	2	TK06_RS12575	TK06_RS12580														
operon 465	2952773	2957369	-	4	TK06_RS30855	TK06_RS12605	TK06_RS12610	TK06_RS12615												
operon 466	2960053	2963188	-	3	TK06_RS12625	TK06_RS12630	TK06_RS12635													
operon 467	2963455	2965803	-	2	TK06_RS12640	TK06_RS12645														
operon 468	2967201	2967748	-	2	TK06_RS12655	TK06_RS12660														
operon 469	2970205	2976432	-	5	TK06_RS12675	TK06_RS12680	TK06_RS12685	TK06_RS12690	TK06_RS12695											
operon 470	2981025	2983792	+	3	TK06_RS12710	TK06_RS12715	TK06_RS12720													
operon 471	2986120	2989427	-	2	TK06_RS12735	TK06_RS12740														
operon 472	2989618	2993017	-	3	TK06_RS12745	TK06_RS12750	TK06_RS12755													
operon 473	2993286	2994116	-	2	TK06_RS12760	TK06_RS12765														
operon 474	3002566	3007357	+	3	TK06_RS12800	TK06_RS12805	TK06_RS12810													
operon 475	3012244	3019631	-	10	TK06_RS12840	TK06_RS12845	TK06_RS12850	TK06_RS12855	TK06_RS12860	TK06_RS12865	TK06_RS12870	TK06_RS12875	TK06_RS12880	TK06_RS12885						
operon 476	3019831	3021728	+	2	TK06_RS12890	TK06_RS12895														
operon 477	3021981	3027522	-	7	TK06_RS12900	TK06_RS12905	TK06_RS12910	TK06_RS12915	TK06_RS12920	TK06_RS12925	TK06_RS12930									
operon 478	3027571	3031035	-	3	TK06_RS12935	TK06_RS12940	TK06_RS12945													
operon 479	3031203	3032773	-	2	TK06_RS12950	TK06_RS12955														
operon 480	3032890	3036380	-	2	TK06_RS12960	TK06_RS12965														
operon 481	3036721	3040586	-	6	TK06_RS12970	TK06_RS12975	TK06_RS12980	TK06_RS12985	TK06_RS12990	TK06_RS12995										
operon 482	3040659	3042140	-	2	TK06_RS13000	TK06_RS13005														
operon 483	3043835	3046228	-	3	TK06_RS13015	TK06_RS13020	TK06_RS13025													
operon 484	3046331	3052126	-	6	TK06_RS13030	TK06_RS13035	TK06_RS13040	TK06_RS13045	TK06_RS13050	TK06_RS13055										
operon 485	3052327	3054935	-	2	TK06_RS13060	TK06_RS13065														
operon 486	3056691	3057394	-	2	TK06_RS13075	TK06_RS13080														
operon 487	3057526	3060331	-	3	TK06_RS13085	TK06_RS13090	TK06_RS13095													
operon 488	3060581	3062139	-	2	TK06_RS13100	TK06_RS13105														
operon 489	3063349	3078053	-	13	TK06_RS13115	TK06_RS13120	TK06_RS13125	TK06_RS13130	TK06_RS13135	TK06_RS13140	TK06_RS13145	TK06_RS13150	TK06_RS13155	TK06_RS13160	TK06_RS13165	TK06_RS13170	TK06_RS13175			
operon 490	3081989	3089628	-	6	TK06_RS13185	TK06_RS13190	TK06_RS13195	TK06_RS13200	TK06_RS13205	TK06_RS13210										
operon 491	3092736	3095170	+	3	TK06_RS13225	TK06_RS13230	TK06_RS13235													
operon 492	3098882	3099793	+	2	TK06_RS13255	TK06_RS13260														
operon 493	3110536	3111527	+	2	TK06_RS13305	TK06_RS13310														
operon 494	3120685	3124233	+	2	TK06_RS13320	TK06_RS13325														
operon 495	3126001	3127493	-	2	TK06_RS13335	TK06_RS13340														
operon 496	3127840	3129207	+	2	TK06_RS13345	TK06_RS13350														
operon 497	3138428	3140092	+	2	TK06_RS13390	TK06_RS13395														
operon 498	3142231	3142825	+	2	TK06_RS13415	TK06_RS13420														
operon 499	3170621	3172930	+	3	TK06_RS13480	TK06_RS13485	TK06_RS13490													
operon 500	3177282	3179484	-	2	TK06_RS13510	TK06_RS13515														
operon 501	3181119	3181960	-	2	TK06_RS13525	TK06_RS13530														
operon 502	3196161	3196879	-	2	TK06_RS13575	TK06_RS13580														
operon 503	3197079	3199137	+	2	TK06_RS13585	TK06_RS13590														
operon 504	3199240	3201610	-	3	TK06_RS13595	TK06_RS13600	TK06_RS13605													
operon 505	3203508	3205369	-	3	TK06_RS13615	TK06_RS13620	TK06_RS13625													
operon 506	3214077	3215787	-	2	TK06_RS13685	TK06_RS13690														
operon 507	3217835	3219258	-	2	TK06_RS13705	TK06_RS13710														
operon 508	3219380	3221739	-	2	TK06_RS13715	TK06_RS13720														
operon 509	3226543	3230688	-	4	TK06_RS13745	TK06_RS13750	TK06_RS13755	TK06_RS13760												
operon 510	3232680	3235074	-	2	TK06_RS13780	TK06_RS13785														
operon 511	3235864	3236636	+	2	TK06_RS13790	TK06_RS13795														
operon 512	3237050	3240565	-	4	TK06_RS13805	TK06_RS13810	TK06_RS13815	TK06_RS13820												
operon 513	3240881	3241925	+	2	TK06_RS13825	TK06_RS13830														
operon 514	3242055	3243394	-	2	TK06_RS13835	TK06_RS13840														
operon 515	3246655	3248815	-	3	TK06_RS13855	TK06_RS13860	TK06_RS13865													
operon 516	3250960	3251650	-	2	TK06_RS13875	TK06_RS13880														
operon 517	3251800	3253598	+	2	TK06_RS13885	TK06_RS13890														
operon 518	3253731	3255786	-	2	TK06_RS13895	TK06_RS13900														
operon 519	3257261	3260271	+	3	TK06_RS13910	TK06_RS13915	TK06_RS13920													
operon 520	3263440	3267514	+	5	TK06_RS13935	TK06_RS13940	TK06_RS13945	TK06_RS13950	TK06_RS13955											
operon 521	3267741	3273222	+	2	TK06_RS13960	TK06_RS13965														
operon 522	3273438	3275123	+	3	TK06_RS13970	TK06_RS13975	TK06_RS13980													
operon 523	3279104	3280317	+	3	TK06_RS14015	TK06_RS30885	TK06_RS14020													
operon 524	3280587	3281214	+	2	TK06_RS30890	TK06_RS14025														
operon 525	3284585	3285098	+	2	TK06_RS14045	TK06_RS14050														
operon 526	3285799	3288211	+	2	TK06_RS14060	TK06_RS14065														
operon 527	3290827	3291834	-	2	TK06_RS14080	TK06_RS14085														
operon 528	3298214	3299963	-	2	TK06_RS14115	TK06_RS14120														
operon 529	3300197	3301596	-	2	TK06_RS14125	TK06_RS14130														
operon 530	3302710	3304259	+	2	TK06_RS14140	TK06_RS14145														
operon 531	3305052	3307623	+	3	TK06_RS14155	TK06_RS14160	TK06_RS14165													
operon 532	3309509	3315306	+	3	TK06_RS14180	TK06_RS14185	TK06_RS14190													
operon 533	3315450	3316039	-	2	TK06_RS14195	TK06_RS14200														
operon 534	3318565	3321145	-	3	TK06_RS14215	TK06_RS14220	TK06_RS14225													
operon 535	3322926	3327074	-	5	TK06_RS14235	TK06_RS14240	TK06_RS14245	TK06_RS14250	TK06_RS14255											
operon 536	3346367	3348108	-	3	TK06_RS14330	TK06_RS14335	TK06_RS14340													
operon 537	3348751	3349877	+	2	TK06_RS14350	TK06_RS14355														
operon 538	3349889	3351120	-	2	TK06_RS14360	TK06_RS14365														
operon 539	3352703	3354681	-	2	TK06_RS14375	TK06_RS14380														
operon 540	3357386	3358872	-	2	TK06_RS14400	TK06_RS14405														
operon 541	3365237	3368303	-	3	TK06_RS14435	TK06_RS14440	TK06_RS14445													
operon 542	3369260	3370701	+	2	TK06_RS14455	TK06_RS14460														
operon 543	3370935	3373787	-	3	TK06_RS14465	TK06_RS14470	TK06_RS14475													
operon 544	3377516	3380425	-	3	TK06_RS14495	TK06_RS14500	TK06_RS14505													
operon 545	3383555	3385745	-	2	TK06_RS14520	TK06_RS14525														
operon 546	3385930	3388712	-	2	TK06_RS14530	TK06_RS14535														
operon 547	3395253	3397074	+	2	TK06_RS14565	TK06_RS14570														
operon 548	3399088	3402885	+	3	TK06_RS14580	TK06_RS14585	TK06_RS14590													
operon 549	3403034	3404388	+	2	TK06_RS14595	TK06_RS14600														
operon 550	3405929	3408706	+	2	TK06_RS14610	TK06_RS14615														
operon 551	3416253	3419895	+	4	TK06_RS14645	TK06_RS14650	TK06_RS14655	TK06_RS14660												
operon 552	3420173	3422606	+	4	TK06_RS14665	TK06_RS14670	TK06_RS14675	TK06_RS14680												
operon 553	3430977	3432761	-	2	TK06_RS14730	TK06_RS14735														
operon 554	3437066	3438089	-	2	TK06_RS14755	TK06_RS14760														
operon 555	3438228	3439739	-	2	TK06_RS14765	TK06_RS14770														
operon 556	3439931	3441684	+	4	TK06_RS14775	TK06_RS14780	TK06_RS14785	TK06_RS14790												
operon 557	3448001	3450003	+	2	TK06_RS14815	TK06_RS30900														
operon 558	3450052	3454252	+	5	TK06_RS14820	TK06_RS14825	TK06_RS14830	TK06_RS14835	TK06_RS14840											
operon 559	3454473	3457615	+	2	TK06_RS14845	TK06_RS14850														
operon 560	3462539	3465225	+	2	TK06_RS14885	TK06_RS14890														
operon 561	3467314	3471245	+	2	TK06_RS14910	TK06_RS14915														
operon 562	3475385	3476652	+	2	TK06_RS14930	TK06_RS14935														
operon 563	3480016	3481104	-	2	TK06_RS14960	TK06_RS14965														
operon 564	3484498	3486026	-	2	TK06_RS14990	TK06_RS14995														
operon 565	3486682	3487763	-	2	TK06_RS15005	TK06_RS15010														
operon 566	3488017	3493913	-	8	TK06_RS15015	TK06_RS15020	TK06_RS15025	TK06_RS15030	TK06_RS15035	TK06_RS15040	TK06_RS15045	TK06_RS15050								
operon 567	3494044	3497887	-	3	TK06_RS15055	TK06_RS15060	TK06_RS15065													
operon 568	3498018	3500985	-	5	TK06_RS15070	TK06_RS15075	TK06_RS15080	TK06_RS15085	TK06_RS15090											
operon 569	3501110	3504901	-	4	TK06_RS15095	TK06_RS15100	TK06_RS15105	TK06_RS15110												
operon 570	3505749	3507966	-	4	TK06_RS15120	TK06_RS15125	TK06_RS15130	TK06_RS15135												
operon 571	3510612	3514094	-	6	TK06_RS15145	TK06_RS15150	TK06_RS15155	TK06_RS15160	TK06_RS15165	TK06_RS15170										
operon 572	3516545	3517272	+	2	TK06_RS15185	TK06_RS30910														
operon 573	3523850	3528802	-	6	TK06_RS15205	TK06_RS15210	TK06_RS15215	TK06_RS15220	TK06_RS15225	TK06_RS15230										
operon 574	3529910	3530892	-	2	TK06_RS15240	TK06_RS15245														
operon 575	3532558	3535039	-	2	TK06_RS15255	TK06_RS15260														
operon 576	3541585	3544581	-	4	TK06_RS15280	TK06_RS15285	TK06_RS15290	TK06_RS15295												
operon 577	3544687	3546249	-	2	TK06_RS15300	TK06_RS15305														
operon 578	3548757	3554221	-	6	TK06_RS15315	TK06_RS15320	TK06_RS15325	TK06_RS15330	TK06_RS15335	TK06_RS15340										
operon 579	3556681	3561468	+	3	TK06_RS15355	TK06_RS15360	TK06_RS15365													
operon 580	3561606	3562287	+	2	TK06_RS15370	TK06_RS15375														
operon 581	3565808	3567237	+	2	TK06_RS15390	TK06_RS15395														
operon 582	3567412	3569021	+	2	TK06_RS15400	TK06_RS15405														
operon 583	3570179	3572599	+	3	TK06_RS15415	TK06_RS15420	TK06_RS15425													
operon 584	3576343	3577469	+	2	TK06_RS15445	TK06_RS15450														
operon 585	3577655	3581827	-	2	TK06_RS15455	TK06_RS15460														
operon 586	3584124	3586863	-	4	TK06_RS15480	TK06_RS15485	TK06_RS15490	TK06_RS15495												
operon 587	3591747	3592464	+	2	TK06_RS15515	TK06_RS15520														
operon 588	3597479	3598732	+	2	TK06_RS15540	TK06_RS15545														
operon 589	3598822	3600053	-	2	TK06_RS15550	TK06_RS15555														
operon 590	3600138	3602006	-	2	TK06_RS15560	TK06_RS15565														
operon 591	3606029	3614432	-	7	TK06_RS15580	TK06_RS15585	TK06_RS15590	TK06_RS15595	TK06_RS15600	TK06_RS15605	TK06_RS15610									
operon 592	3616705	3619404	+	2	TK06_RS15625	TK06_RS15630														
operon 593	3619634	3622428	+	3	TK06_RS15635	TK06_RS15640	TK06_RS15645													
operon 594	3624072	3624597	+	2	TK06_RS15655	TK06_RS15660														
operon 595	3639674	3641618	-	4	TK06_RS15725	TK06_RS15730	TK06_RS15735	TK06_RS15740												
operon 596	3643453	3645519	+	2	TK06_RS15750	TK06_RS15755														
operon 597	3650041	3651080	+	2	TK06_RS15770	TK06_RS15775														
operon 598	3651224	3652920	+	2	TK06_RS15780	TK06_RS15785														
operon 599	3653657	3655530	-	2	TK06_RS15790	TK06_RS15795														
operon 600	3660884	3662270	-	2	TK06_RS15825	TK06_RS15830														
operon 601	3662489	3664693	+	2	TK06_RS15835	TK06_RS15840														
operon 602	3667027	3669434	-	3	TK06_RS15850	TK06_RS15855	TK06_RS15860													
operon 603	3671312	3673097	-	2	TK06_RS15870	TK06_RS15875														
operon 604	3673138	3684582	-	14	TK06_RS15880	TK06_RS15885	TK06_RS15890	TK06_RS15895	TK06_RS15900	TK06_RS15905	TK06_RS15910	TK06_RS15915	TK06_RS15920	TK06_RS15925	TK06_RS15930	TK06_RS15935	TK06_RS15940	TK06_RS15945		
operon 605	3684848	3686396	-	2	TK06_RS15950	TK06_RS15955														
operon 606	3688336	3691128	-	2	TK06_RS15970	TK06_RS15975														
operon 607	3691574	3693753	-	2	TK06_RS15985	TK06_RS15990														
operon 608	3702588	3704628	+	3	TK06_RS16030	TK06_RS16035	TK06_RS16040													
operon 609	3705536	3706956	+	2	TK06_RS16055	TK06_RS16060														
operon 610	3708960	3714548	-	3	TK06_RS16075	TK06_RS16080	TK06_RS16085													
operon 611	3733977	3740427	-	6	TK06_RS16145	TK06_RS16150	TK06_RS16155	TK06_RS16160	TK06_RS16165	TK06_RS16170										
operon 612	3748281	3751795	-	3	TK06_RS30960	TK06_RS16200	TK06_RS16205													
operon 613	3755063	3757072	+	2	TK06_RS16220	TK06_RS16225														
operon 614	3761418	3763809	-	2	TK06_RS16245	TK06_RS16250														
operon 615	3764696	3766223	-	2	TK06_RS16260	TK06_RS16265														
operon 616	3766447	3769499	-	5	TK06_RS16270	TK06_RS16275	TK06_RS16280	TK06_RS16285	TK06_RS16290											
operon 617	3769774	3773113	+	5	TK06_RS16295	TK06_RS16300	TK06_RS16305	TK06_RS16310	TK06_RS16315											
operon 618	3774848	3776784	+	4	TK06_RS16325	TK06_RS16330	TK06_RS16335	TK06_RS16340												
operon 619	3777973	3780820	-	4	TK06_RS16350	TK06_RS16355	TK06_RS16360	TK06_RS16365												
operon 620	3783233	3785544	-	2	TK06_RS16380	TK06_RS16385														
operon 621	3789546	3791656	-	2	TK06_RS16395	TK06_RS16400														
operon 622	3791840	3793476	-	2	TK06_RS16405	TK06_RS16410														
operon 623	3795029	3798240	+	3	TK06_RS16420	TK06_RS16425	TK06_RS16430													
operon 624	3798852	3800290	+	2	TK06_RS16440	TK06_RS16445														
operon 625	3800365	3802354	-	2	TK06_RS16450	TK06_RS16455														
operon 626	3802551	3807013	-	3	TK06_RS16460	TK06_RS16465	TK06_RS16470													
operon 627	3812304	3814119	-	2	TK06_RS16495	TK06_RS16500														
operon 628	3825646	3829537	+	4	TK06_RS16540	TK06_RS16545	TK06_RS16550	TK06_RS16555												
operon 629	3830365	3846485	-	9	TK06_RS16565	TK06_RS16570	TK06_RS16575	TK06_RS16580	TK06_RS16585	TK06_RS16590	TK06_RS16595	TK06_RS16600	TK06_RS16605							
operon 630	3849669	3850359	-	2	TK06_RS16620	TK06_RS16625														
operon 631	3850820	3854287	+	4	TK06_RS16630	TK06_RS16635	TK06_RS16640	TK06_RS16645												
operon 632	3860717	3866278	-	3	TK06_RS16665	TK06_RS16670	TK06_RS16675													
operon 633	3866567	3868359	+	2	TK06_RS16680	TK06_RS16685														
operon 634	3870841	3872234	-	2	TK06_RS16695	TK06_RS16700														
operon 635	3879770	3881093	-	2	TK06_RS16740	TK06_RS16745														
operon 636	3881253	3885281	-	2	TK06_RS16750	TK06_RS16755														
operon 637	3886221	3891555	-	5	TK06_RS30970	TK06_RS16775	TK06_RS16780	TK06_RS16785	TK06_RS16790											
operon 638	3892824	3896957	-	3	TK06_RS16805	TK06_RS16810	TK06_RS16815													
operon 639	3898455	3900395	-	2	TK06_RS16825	TK06_RS16830														
operon 640	3906384	3908537	-	3	TK06_RS16860	TK06_RS16865	TK06_RS16870													
operon 641	3914486	3917964	+	2	TK06_RS16900	TK06_RS16905														
operon 642	3920468	3923444	-	4	TK06_RS16925	TK06_RS16930	TK06_RS16935	TK06_RS16940												
operon 643	3928337	3929498	-	2	TK06_RS16960	TK06_RS16965														
operon 644	3929941	3931388	+	2	TK06_RS16970	TK06_RS16975														
operon 645	3931385	3934215	-	4	TK06_RS16980	TK06_RS16985	TK06_RS16990	TK06_RS16995												
operon 646	3938035	3940647	+	2	TK06_RS17015	TK06_RS17020														
operon 647	3941371	3945611	-	3	TK06_RS17025	TK06_RS17030	TK06_RS17035													
operon 648	3945958	3951141	-	6	TK06_RS17040	TK06_RS17045	TK06_RS17050	TK06_RS17055	TK06_RS17060	TK06_RS17065										
operon 649	3953308	3955104	-	2	TK06_RS17080	TK06_RS17085														
operon 650	3955303	3956788	+	2	TK06_RS17090	TK06_RS17095														
operon 651	3977359	3979110	-	2	TK06_RS17150	TK06_RS17155														
operon 652	3979273	3985459	+	6	TK06_RS17160	TK06_RS17165	TK06_RS17170	TK06_RS17175	TK06_RS17180	TK06_RS17185										
operon 653	3988873	3990417	-	2	TK06_RS17200	TK06_RS17205														
operon 654	3992959	4007393	+	4	TK06_RS17215	TK06_RS17220	TK06_RS17225	TK06_RS17230												
operon 655	4007904	4011615	-	3	TK06_RS17240	TK06_RS17245	TK06_RS17250													
operon 656	4019039	4021463	-	2	TK06_RS17295	TK06_RS17300														
operon 657	4024824	4027168	-	3	TK06_RS17320	TK06_RS17325	TK06_RS17330													
operon 658	4029403	4036541	-	2	TK06_RS17340	TK06_RS17345														
operon 659	4042563	4045477	-	2	TK06_RS17375	TK06_RS17380														
operon 660	4046718	4047957	+	2	TK06_RS17390	TK06_RS17395														
operon 661	4048491	4052089	+	3	TK06_RS17400	TK06_RS17405	TK06_RS17410													
operon 662	4052662	4053724	+	2	TK06_RS17420	TK06_RS17425														
operon 663	4065087	4066582	-	2	TK06_RS17475	TK06_RS17480														
operon 664	4067219	4070022	+	2	TK06_RS17490	TK06_RS17495														
operon 665	4074805	4077014	+	2	TK06_RS17520	TK06_RS17525														
operon 666	4077107	4079363	-	4	TK06_RS17530	TK06_RS17535	TK06_RS17540	TK06_RS17545												
operon 667	4081411	4083512	-	2	TK06_RS17560	TK06_RS17565														
operon 668	4086551	4088179	-	2	TK06_RS17580	TK06_RS17585														
operon 669	4088464	4092133	+	2	TK06_RS17590	TK06_RS17595														
operon 670	4092370	4094707	+	3	TK06_RS17600	TK06_RS17605	TK06_RS17610													
operon 671	4101238	4104253	+	3	TK06_RS17630	TK06_RS17635	TK06_RS17640													
operon 672	4108594	4109983	-	2	TK06_RS17655	TK06_RS17660														
operon 673	4121025	4125382	-	4	TK06_RS17690	TK06_RS17695	TK06_RS17700	TK06_RS17705												
operon 674	4125722	4128742	+	3	TK06_RS17710	TK06_RS17715	TK06_RS17720													
operon 675	4135082	4137821	+	3	TK06_RS17750	TK06_RS17755	TK06_RS17760													
operon 676	4139627	4143074	+	3	TK06_RS17770	TK06_RS17775	TK06_RS17780													
operon 677	4143208	4148409	+	6	TK06_RS17785	TK06_RS17790	TK06_RS17795	TK06_RS17800	TK06_RS17805	TK06_RS17810										
operon 678	4155243	4156772	+	2	TK06_RS17850	TK06_RS17855														
operon 679	4161619	4164018	+	4	TK06_RS17880	TK06_RS17885	TK06_RS17890	TK06_RS17895												
operon 680	4167005	4170784	-	4	TK06_RS17910	TK06_RS17915	TK06_RS17920	TK06_RS17925												
operon 681	4172456	4175322	-	2	TK06_RS17935	TK06_RS17940														
operon 682	4176638	4178696	+	2	TK06_RS17950	TK06_RS17955														
operon 683	4179805	4180649	+	2	TK06_RS17965	TK06_RS17970														
operon 684	4181242	4184621	-	2	TK06_RS17980	TK06_RS17985														
operon 685	4188319	4189697	-	2	TK06_RS17995	TK06_RS18000														
operon 686	4194082	4196161	-	4	TK06_RS18015	TK06_RS18020	TK06_RS18025	TK06_RS18030												
operon 687	4196468	4199853	-	2	TK06_RS18035	TK06_RS18040														
operon 688	4202708	4205242	-	2	TK06_RS18060	TK06_RS18065														
operon 689	4205717	4209418	-	4	TK06_RS18070	TK06_RS18075	TK06_RS18080	TK06_RS18085												
operon 690	4209510	4215776	-	5	TK06_RS18090	TK06_RS18095	TK06_RS18100	TK06_RS18105	TK06_RS18110											
operon 691	4219584	4221476	-	2	TK06_RS18135	TK06_RS18140														
operon 692	4223225	4224920	+	2	TK06_RS18150	TK06_RS18155														
operon 693	4231184	4237514	-	5	TK06_RS18180	TK06_RS18185	TK06_RS18190	TK06_RS18195	TK06_RS18200											
operon 694	4240014	4241074	-	2	TK06_RS18215	TK06_RS18220														
operon 695	4247468	4249655	-	2	TK06_RS18245	TK06_RS18250														
operon 696	4250313	4253297	+	3	TK06_RS18260	TK06_RS18265	TK06_RS18270													
operon 697	4255682	4259800	-	3	TK06_RS18285	TK06_RS18290	TK06_RS18295													
operon 698	4259951	4262236	-	2	TK06_RS18300	TK06_RS18305														
operon 699	4263109	4267035	-	3	TK06_RS18315	TK06_RS18320	TK06_RS18325													
operon 700	4267394	4274352	-	7	TK06_RS18330	TK06_RS18335	TK06_RS18340	TK06_RS18345	TK06_RS18350	TK06_RS18355	TK06_RS18360									
operon 701	4277874	4282168	+	2	TK06_RS18370	TK06_RS18375														
operon 702	4284139	4287564	+	2	TK06_RS18385	TK06_RS18390														
operon 703	4288623	4291405	-	2	TK06_RS18400	TK06_RS18405														
operon 704	4291674	4293023	+	2	TK06_RS18410	TK06_RS18415														
operon 705	4301321	4301850	-	2	TK06_RS18435	TK06_RS18440														
operon 706	4304013	4310653	+	3	TK06_RS18450	TK06_RS18455	TK06_RS18460													
operon 707	4314989	4318249	-	4	TK06_RS18500	TK06_RS18505	TK06_RS18510	TK06_RS18515												
operon 708	4318320	4322741	-	4	TK06_RS18520	TK06_RS18525	TK06_RS18530	TK06_RS18535												
operon 709	4325234	4329461	+	6	TK06_RS18550	TK06_RS18555	TK06_RS18560	TK06_RS18565	TK06_RS18570	TK06_RS18575										
operon 710	4329608	4343353	+	14	TK06_RS18580	TK06_RS18585	TK06_RS18590	TK06_RS18595	TK06_RS18600	TK06_RS18605	TK06_RS18610	TK06_RS18615	TK06_RS18620	TK06_RS18625	TK06_RS18630	TK06_RS18635	TK06_RS18640	TK06_RS18645		
operon 711	4353931	4363835	-	12	TK06_RS18685	TK06_RS18690	TK06_RS18695	TK06_RS18700	TK06_RS18705	TK06_RS18710	TK06_RS18715	TK06_RS18720	TK06_RS18725	TK06_RS18730	TK06_RS18735	TK06_RS18740				
operon 712	4366996	4372896	-	2	TK06_RS18755	TK06_RS18760														
operon 713	4373247	4375937	-	2	TK06_RS18765	TK06_RS18770														
operon 714	4376116	4381517	-	6	TK06_RS18775	TK06_RS18780	TK06_RS18785	TK06_RS18790	TK06_RS18795	TK06_RS18800										
operon 715	4385926	4386974	-	2	TK06_RS18815	TK06_RS18820														
operon 716	4389665	4392098	+	2	TK06_RS18830	TK06_RS18835														
operon 717	4395144	4397762	+	2	TK06_RS18855	TK06_RS18860														
operon 718	4397875	4400239	+	2	TK06_RS18865	TK06_RS18870														
operon 719	4400402	4401716	-	2	TK06_RS18875	TK06_RS18880														
operon 720	4402410	4405405	+	3	TK06_RS18890	TK06_RS18895	TK06_RS18900													
operon 721	4405518	4408484	+	6	TK06_RS18905	TK06_RS18910	TK06_RS18915	TK06_RS18920	TK06_RS18925	TK06_RS18930										
operon 722	4415017	4419352	-	2	TK06_RS18955	TK06_RS18960														
operon 723	4419673	4421078	-	2	TK06_RS18965	TK06_RS18970														
operon 724	4423449	4425466	-	2	TK06_RS18985	TK06_RS18990														
operon 725	4428963	4433216	-	4	TK06_RS19005	TK06_RS19010	TK06_RS19015	TK06_RS19020												
operon 726	4435983	4437298	-	2	TK06_RS19030	TK06_RS19035														
operon 727	4442108	4443718	-	2	TK06_RS19060	TK06_RS19065														
operon 728	4443954	4448950	-	2	TK06_RS19070	TK06_RS19075														
operon 729	4458471	4459609	+	2	TK06_RS19110	TK06_RS19115														
operon 730	4459864	4462382	+	2	TK06_RS19120	TK06_RS19125														
operon 731	4463887	4465078	-	3	TK06_RS19140	TK06_RS19145	TK06_RS19150													
operon 732	4467079	4470501	+	3	TK06_RS19160	TK06_RS19165	TK06_RS19170													
operon 733	4471390	4474435	-	5	TK06_RS19180	TK06_RS19185	TK06_RS19190	TK06_RS19195	TK06_RS19200											
operon 734	4477309	4480873	+	3	TK06_RS19215	TK06_RS19220	TK06_RS19225													
operon 735	4482190	4486662	+	4	TK06_RS19245	TK06_RS19250	TK06_RS19255	TK06_RS19260												
operon 736	4487517	4489059	+	2	TK06_RS19270	TK06_RS19275														
operon 737	4489138	4491753	+	3	TK06_RS19280	TK06_RS19285	TK06_RS19290													
operon 738	4494826	4496231	+	2	TK06_RS19315	TK06_RS19320														
operon 739	4498570	4499657	-	2	TK06_RS19335	TK06_RS19340														
operon 740	4500846	4503049	-	4	TK06_RS19350	TK06_RS19355	TK06_RS19360	TK06_RS19365												
operon 741	4510781	4514155	+	4	TK06_RS19395	TK06_RS19400	TK06_RS19405	TK06_RS19410												
operon 742	4514227	4517916	+	3	TK06_RS19415	TK06_RS19420	TK06_RS19425													
operon 743	4518043	4519433	-	2	TK06_RS19430	TK06_RS19435														
operon 744	4520875	4525040	+	3	TK06_RS19450	TK06_RS19455	TK06_RS19460													
operon 745	4525896	4527587	-	2	TK06_RS19470	TK06_RS19475														
operon 746	4535833	4537217	+	2	TK06_RS19515	TK06_RS19520														
operon 747	4539819	4542526	+	2	TK06_RS19535	TK06_RS19540														
operon 748	4544631	4547260	+	3	TK06_RS19550	TK06_RS19555	TK06_RS19560													
operon 749	4548311	4549810	-	2	TK06_RS19570	TK06_RS19575														
operon 750	4555698	4557928	+	3	TK06_RS19605	TK06_RS19610	TK06_RS19615													
operon 751	4559552	4563368	+	3	TK06_RS19625	TK06_RS19630	TK06_RS19635													
operon 752	4563542	4566801	+	4	TK06_RS19640	TK06_RS19645	TK06_RS19650	TK06_RS19655												
operon 753	4569671	4571773	+	2	TK06_RS19675	TK06_RS19680														
operon 754	4577873	4580654	+	2	TK06_RS19715	TK06_RS19720														
operon 755	4581886	4583546	+	2	TK06_RS19730	TK06_RS19735														
operon 756	4585216	4587745	+	2	TK06_RS19750	TK06_RS31055														
operon 757	4587640	4592848	-	3	TK06_RS19755	TK06_RS19760	TK06_RS19765													
operon 758	4597502	4598789	+	2	TK06_RS19795	TK06_RS19800														
operon 759	4598926	4610342	-	5	TK06_RS19805	TK06_RS19810	TK06_RS19815	TK06_RS19820	TK06_RS19825											
operon 760	4611914	4616608	-	4	TK06_RS19840	TK06_RS19845	TK06_RS19850	TK06_RS19855												
operon 761	4617740	4622060	-	3	TK06_RS19865	TK06_RS19870	TK06_RS19875													
operon 762	4623408	4627127	-	4	TK06_RS19885	TK06_RS19890	TK06_RS19895	TK06_RS19900												
operon 763	4627456	4632356	-	3	TK06_RS19905	TK06_RS19910	TK06_RS19915													
operon 764	4648400	4651095	-	2	TK06_RS19930	TK06_RS19935														
operon 765	4652676	4658308	+	4	TK06_RS19945	TK06_RS19950	TK06_RS19955	TK06_RS19960												
operon 766	4660817	4664898	+	3	TK06_RS19970	TK06_RS19975	TK06_RS19980													
operon 767	4668767	4672852	-	3	TK06_RS20005	TK06_RS20010	TK06_RS20015													
operon 768	4673181	4675874	-	3	TK06_RS20020	TK06_RS20025	TK06_RS20030													
operon 769	4690764	4693636	-	3	TK06_RS20100	TK06_RS20105	TK06_RS20110													
operon 770	4700474	4706824	-	4	TK06_RS20145	TK06_RS20150	TK06_RS20155	TK06_RS20160												
operon 771	4715623	4718038	-	2	TK06_RS20205	TK06_RS20210														
operon 772	4719526	4722422	+	3	TK06_RS20220	TK06_RS20225	TK06_RS20230													
operon 773	4725419	4728033	+	3	TK06_RS20250	TK06_RS20255	TK06_RS20260													
operon 774	4728118	4730162	-	2	TK06_RS20265	TK06_RS20270														
operon 775	4734317	4735195	-	2	TK06_RS20310	TK06_RS20315														
operon 776	4737038	4738396	-	2	TK06_RS20330	TK06_RS20335														
operon 777	4738589	4740042	+	2	TK06_RS20340	TK06_RS20345														
operon 778	4748418	4752389	-	2	TK06_RS20390	TK06_RS20395														
operon 779	4755487	4756849	+	2	TK06_RS20410	TK06_RS20415														
operon 780	4756922	4757793	-	2	TK06_RS20420	TK06_RS20425														
operon 781	4757896	4759485	-	2	TK06_RS20430	TK06_RS20435														
operon 782	4768343	4770669	+	2	TK06_RS20475	TK06_RS20480														
operon 783	4774897	4777243	+	2	TK06_RS20500	TK06_RS20505														
operon 784	4778429	4781231	+	2	TK06_RS20515	TK06_RS20520														
operon 785	4781354	4782817	+	2	TK06_RS20525	TK06_RS20530														
operon 786	4783100	4787005	+	5	TK06_RS20540	TK06_RS20545	TK06_RS20550	TK06_RS20555	TK06_RS20560											
operon 787	4798826	4802490	-	3	TK06_RS20640	TK06_RS20645	TK06_RS20650													
operon 788	4807587	4809336	+	2	TK06_RS20680	TK06_RS20685														
operon 789	4811216	4813666	-	2	TK06_RS20695	TK06_RS20700														
operon 790	4816265	4818399	+	2	TK06_RS20720	TK06_RS20725														
operon 791	4823255	4826772	+	4	TK06_RS20745	TK06_RS20750	TK06_RS20755	TK06_RS20760												
operon 792	4830155	4831187	-	3	TK06_RS20775	TK06_RS31075	TK06_RS20780													
operon 793	4831625	4834772	+	2	TK06_RS20785	TK06_RS20790														
operon 794	4834792	4837260	-	2	TK06_RS20795	TK06_RS20800														
operon 795	4837365	4840963	-	3	TK06_RS20805	TK06_RS20810	TK06_RS20815													
operon 796	4841162	4842110	-	2	TK06_RS20820	TK06_RS20825														
operon 797	4846161	4847458	+	2	TK06_RS20840	TK06_RS20845														
operon 798	4848620	4851416	+	4	TK06_RS20855	TK06_RS20860	TK06_RS20865	TK06_RS20870												
operon 799	4853921	4856455	+	3	TK06_RS20880	TK06_RS20885	TK06_RS20890													
operon 800	4856829	4858333	+	2	TK06_RS20895	TK06_RS20900														
operon 801	4858731	4861159	+	2	TK06_RS31080	TK06_RS31085														
operon 802	4872302	4873790	-	2	TK06_RS20980	TK06_RS20985														
operon 803	4873872	4877417	+	3	TK06_RS20990	TK06_RS20995	TK06_RS21000													
operon 804	4882754	4888970	-	4	TK06_RS21025	TK06_RS21030	TK06_RS21035	TK06_RS21040												
operon 805	4889537	4892012	+	4	TK06_RS31095	TK06_RS21045	TK06_RS31100	TK06_RS21050												
operon 806	4894028	4898265	+	4	TK06_RS21060	TK06_RS21065	TK06_RS21070	TK06_RS21075												
operon 807	4898414	4899707	+	2	TK06_RS21080	TK06_RS21085														
operon 808	4899839	4905526	+	7	TK06_RS21090	TK06_RS21095	TK06_RS21100	TK06_RS21105	TK06_RS21110	TK06_RS21115	TK06_RS21120									
operon 809	4907219	4909829	+	2	TK06_RS21130	TK06_RS21135														
operon 810	4910146	4911775	-	4	TK06_RS21140	TK06_RS21145	TK06_RS21150	TK06_RS21155												
operon 811	4913022	4914276	-	2	TK06_RS21165	TK06_RS21170														
operon 812	4914458	4917182	+	3	TK06_RS21175	TK06_RS21180	TK06_RS21185													
operon 813	4927408	4936411	-	8	TK06_RS21230	TK06_RS21235	TK06_RS21240	TK06_RS21245	TK06_RS21250	TK06_RS21255	TK06_RS21260	TK06_RS21265								
operon 814	4936838	4942605	+	5	TK06_RS21275	TK06_RS21280	TK06_RS21285	TK06_RS21290	TK06_RS21295											
operon 815	4942759	4946089	+	2	TK06_RS21300	TK06_RS21305														
operon 816	4947884	4953847	+	4	TK06_RS21315	TK06_RS21320	TK06_RS21325	TK06_RS21330												
operon 817	4957442	4960756	-	4	TK06_RS21350	TK06_RS21355	TK06_RS21360	TK06_RS21365												
operon 818	4961392	4963250	+	2	TK06_RS21370	TK06_RS21375														
operon 819	4978978	4982215	+	2	TK06_RS21450	TK06_RS21455														
operon 820	4984676	4986327	-	2	TK06_RS21465	TK06_RS21470														
operon 821	4993087	4994874	-	3	TK06_RS21485	TK06_RS21490	TK06_RS21495													
operon 822	5001332	5003475	-	2	TK06_RS21510	TK06_RS21515														
operon 823	5004770	5010641	-	4	TK06_RS21525	TK06_RS21530	TK06_RS21535	TK06_RS21540												
operon 824	5011071	5021969	+	8	TK06_RS21545	TK06_RS21550	TK06_RS21555	TK06_RS21560	TK06_RS21565	TK06_RS21570	TK06_RS21575	TK06_RS21580								
operon 825	5022027	5030846	+	8	TK06_RS21585	TK06_RS21590	TK06_RS21595	TK06_RS21600	TK06_RS21605	TK06_RS21610	TK06_RS21615	TK06_RS21620								
operon 826	5032873	5038394	-	3	TK06_RS21635	TK06_RS21640	TK06_RS21645													
operon 827	5038530	5040914	-	2	TK06_RS21650	TK06_RS21655														
operon 828	5041163	5043853	+	5	TK06_RS21660	TK06_RS21665	TK06_RS21670	TK06_RS21675	TK06_RS21680											
operon 829	5043991	5046149	+	3	TK06_RS21685	TK06_RS21690	TK06_RS21695													
operon 830	5048420	5055952	-	7	TK06_RS21705	TK06_RS21710	TK06_RS21715	TK06_RS21720	TK06_RS21725	TK06_RS21730	TK06_RS21735									
operon 831	5056173	5059303	-	3	TK06_RS21740	TK06_RS21745	TK06_RS21750													
operon 832	5059719	5077093	+	12	TK06_RS21755	TK06_RS21760	TK06_RS21765	TK06_RS21770	TK06_RS21775	TK06_RS21780	TK06_RS21785	TK06_RS21790	TK06_RS21795	TK06_RS21800	TK06_RS21805	TK06_RS21810				
operon 833	5082017	5085022	-	2	TK06_RS21835	TK06_RS21840														
operon 834	5085347	5087505	-	3	TK06_RS21845	TK06_RS21850	TK06_RS21855													
operon 835	5089751	5093057	-	3	TK06_RS21870	TK06_RS21875	TK06_RS21880													
operon 836	5093549	5095043	-	2	TK06_RS21890	TK06_RS21895														
operon 837	5095315	5096437	+	2	TK06_RS21900	TK06_RS21905														
operon 838	5099654	5101569	-	2	TK06_RS21925	TK06_RS21930														
operon 839	5101809	5104139	-	2	TK06_RS21935	TK06_RS21940														
operon 840	5104397	5106065	-	2	TK06_RS21945	TK06_RS21950														
operon 841	5108989	5109389	+	2	TK06_RS21965	TK06_RS21970														
operon 842	5119527	5122327	+	3	TK06_RS22025	TK06_RS22030	TK06_RS22035													
operon 843	5139480	5143033	-	3	TK06_RS22100	TK06_RS22105	TK06_RS22110													
operon 844	5145915	5147621	+	2	TK06_RS22125	TK06_RS22130														
operon 845	5148899	5153503	-	6	TK06_RS22145	TK06_RS22150	TK06_RS22155	TK06_RS22160	TK06_RS22165	TK06_RS31115										
operon 846	5153435	5154244	+	3	TK06_RS31120	TK06_RS22170	TK06_RS31125													
operon 847	5162355	5166453	+	3	TK06_RS22210	TK06_RS31135	TK06_RS22220													
operon 848	5168085	5168970	-	2	TK06_RS22235	TK06_RS31140														
operon 849	5170629	5173120	+	2	TK06_RS22250	TK06_RS22255														
operon 850	5174039	5175373	-	2	TK06_RS22265	TK06_RS22270														
operon 851	5175574	5177358	-	2	TK06_RS22275	TK06_RS22280														
operon 852	5183026	5186273	+	2	TK06_RS22310	TK06_RS22315														
operon 853	5188174	5191029	-	4	TK06_RS22325	TK06_RS22330	TK06_RS22335	TK06_RS22340												
operon 854	5196120	5198554	+	2	TK06_RS22365	TK06_RS22370														
operon 855	5203430	5208233	-	3	TK06_RS22400	TK06_RS22405	TK06_RS22410													
operon 856	5210071	5210594	-	2	TK06_RS22430	TK06_RS22435														
operon 857	5210724	5215107	+	4	TK06_RS22440	TK06_RS22445	TK06_RS22450	TK06_RS22455												
operon 858	5221427	5223192	-	3	TK06_RS22480	TK06_RS22485	TK06_RS22490													
operon 859	5232337	5233150	-	2	TK06_RS22530	TK06_RS22535														
operon 860	5234449	5239337	+	7	TK06_RS22545	TK06_RS22550	TK06_RS22555	TK06_RS22560	TK06_RS22565	TK06_RS22570	TK06_RS31155									
operon 861	5242704	5245485	+	2	TK06_RS22590	TK06_RS22595														
operon 862	5246964	5251067	+	4	TK06_RS22605	TK06_RS22610	TK06_RS22615	TK06_RS22620												
operon 863	5254513	5257136	-	2	TK06_RS22635	TK06_RS22640														
operon 864	5261276	5262420	-	2	TK06_RS22660	TK06_RS22665														
operon 865	5262731	5265942	+	2	TK06_RS22670	TK06_RS22675														
operon 866	5266100	5268757	+	3	TK06_RS22680	TK06_RS22685	TK06_RS22690													
operon 867	5268915	5273246	+	6	TK06_RS22695	TK06_RS22700	TK06_RS22705	TK06_RS22710	TK06_RS22715	TK06_RS22720										
operon 868	5274662	5278043	-	5	TK06_RS22735	TK06_RS22740	TK06_RS22745	TK06_RS22750	TK06_RS22755											
operon 869	5278586	5281020	-	4	TK06_RS22760	TK06_RS22765	TK06_RS22770	TK06_RS22775												
operon 870	5282044	5283270	-	2	TK06_RS22785	TK06_RS22790														
operon 871	5286287	5287413	+	2	TK06_RS22810	TK06_RS22815														
operon 872	5287585	5290318	-	2	TK06_RS22820	TK06_RS22825														
operon 873	5299579	5301664	+	3	TK06_RS22865	TK06_RS22870	TK06_RS22875													
operon 874	5304627	5306630	-	2	TK06_RS22895	TK06_RS22900														
operon 875	5306779	5308339	+	2	TK06_RS22905	TK06_RS22910														
operon 876	5308472	5312951	-	4	TK06_RS22915	TK06_RS22920	TK06_RS22925	TK06_RS22930												
operon 877	5313296	5316416	+	3	TK06_RS22935	TK06_RS22940	TK06_RS22945													
operon 878	5318828	5320627	+	3	TK06_RS22965	TK06_RS22970	TK06_RS22975													
operon 879	5320554	5325133	-	7	TK06_RS31165	TK06_RS22980	TK06_RS22985	TK06_RS22990	TK06_RS22995	TK06_RS23000	TK06_RS23005									
operon 880	5325395	5327835	-	4	TK06_RS23010	TK06_RS23015	TK06_RS23020	TK06_RS23025												
operon 881	5328937	5329717	-	2	TK06_RS31170	TK06_RS23035														
operon 882	5330519	5333322	-	3	TK06_RS23045	TK06_RS23050	TK06_RS23055													
operon 883	5333408	5334414	-	2	TK06_RS23060	TK06_RS23065														
operon 884	5335924	5337851	-	2	TK06_RS23075	TK06_RS23080														
operon 885	5338076	5339468	+	3	TK06_RS23085	TK06_RS23090	TK06_RS23095													
operon 886	5341876	5348281	+	2	TK06_RS23105	TK06_RS23110														
operon 887	5349122	5356395	+	9	TK06_RS23115	TK06_RS23120	TK06_RS23125	TK06_RS23130	TK06_RS23135	TK06_RS23140	TK06_RS23145	TK06_RS23150	TK06_RS23155							
operon 888	5363307	5364487	+	2	TK06_RS23185	TK06_RS23190														
operon 889	5370595	5371965	+	2	TK06_RS23215	TK06_RS23220														
operon 890	5381926	5384131	-	2	TK06_RS23270	TK06_RS23275														
operon 891	5386570	5389069	+	3	TK06_RS23285	TK06_RS23290	TK06_RS23295													
operon 892	5390781	5391373	-	2	TK06_RS23310	TK06_RS23315														
operon 893	5397661	5398465	+	2	TK06_RS23345	TK06_RS23350														
operon 894	5407222	5410001	-	2	TK06_RS23385	TK06_RS23390														
operon 895	5414899	5417938	-	3	TK06_RS23410	TK06_RS23415	TK06_RS23420													
operon 896	5422126	5423786	-	2	TK06_RS23440	TK06_RS23445														
operon 897	5425109	5427012	-	2	TK06_RS23455	TK06_RS23460														
operon 898	5429782	5431062	-	2	TK06_RS23475	TK06_RS23480														
operon 899	5431632	5432241	-	2	TK06_RS23490	TK06_RS31195														
operon 900	5432268	5435932	+	3	TK06_RS23495	TK06_RS23500	TK06_RS23505													
operon 901	5436140	5440093	+	3	TK06_RS23510	TK06_RS23515	TK06_RS23520													
operon 902	5445568	5448708	+	2	TK06_RS23535	TK06_RS23540														
operon 903	5453920	5459803	+	4	TK06_RS23565	TK06_RS23570	TK06_RS23575	TK06_RS23580												
operon 904	5465726	5466994	-	2	TK06_RS31215	TK06_RS23605														
operon 905	5468010	5469113	-	2	TK06_RS23615	TK06_RS23620														
operon 906	5473898	5475996	+	2	TK06_RS23645	TK06_RS23650														
operon 907	5476168	5478570	+	2	TK06_RS23655	TK06_RS23660														
operon 908	5478754	5480770	-	3	TK06_RS23665	TK06_RS23670	TK06_RS23675													
operon 909	5483604	5485093	-	2	TK06_RS23685	TK06_RS23690														
operon 910	5485264	5487908	-	2	TK06_RS23695	TK06_RS23700														
operon 911	5499374	5502758	+	4	TK06_RS23750	TK06_RS23755	TK06_RS23760	TK06_RS23765												
operon 912	5505528	5508705	+	2	TK06_RS23780	TK06_RS23785														
operon 913	5511362	5516400	-	6	TK06_RS23795	TK06_RS23800	TK06_RS23805	TK06_RS23810	TK06_RS23815	TK06_RS31235										
operon 914	5519074	5521563	-	2	TK06_RS23825	TK06_RS23830														
operon 915	5521831	5524656	-	2	TK06_RS23835	TK06_RS23840														
operon 916	5545494	5546356	+	2	TK06_RS23925	TK06_RS23930														
operon 917	5546436	5550559	-	3	TK06_RS23935	TK06_RS23940	TK06_RS23945													
operon 918	5552896	5554513	-	3	TK06_RS23955	TK06_RS23960	TK06_RS23965													
operon 919	5554630	5560496	-	4	TK06_RS23970	TK06_RS23975	TK06_RS23980	TK06_RS23985												
operon 920	5560627	5563089	+	3	TK06_RS23990	TK06_RS23995	TK06_RS24000													
operon 921	5567829	5570046	+	2	TK06_RS24020	TK06_RS24025														
operon 922	5570273	5572358	+	2	TK06_RS24030	TK06_RS24035														
operon 923	5572498	5575214	+	3	TK06_RS24040	TK06_RS24045	TK06_RS24050													
operon 924	5579212	5582402	+	4	TK06_RS24065	TK06_RS24070	TK06_RS24075	TK06_RS24080												
operon 925	5585813	5588265	-	3	TK06_RS24110	TK06_RS24115	TK06_RS24120													
operon 926	5590008	5592520	-	2	TK06_RS24135	TK06_RS24140														
operon 927	5599837	5601996	+	3	TK06_RS24175	TK06_RS24180	TK06_RS24185													
operon 928	5603876	5604787	+	2	TK06_RS24215	TK06_RS24220														
operon 929	5604905	5606031	+	2	TK06_RS24225	TK06_RS24230														
operon 930	5606231	5607175	+	2	TK06_RS24235	TK06_RS24240														
operon 931	5607396	5615733	+	2	TK06_RS24245	TK06_RS24250														
operon 932	5616424	5620255	+	3	TK06_RS24260	TK06_RS24265	TK06_RS24270													
operon 933	5620411	5627007	+	15	TK06_RS24275	TK06_RS24280	TK06_RS24285	TK06_RS24290	TK06_RS24295	TK06_RS24300	TK06_RS24305	TK06_RS24310	TK06_RS24315	TK06_RS24320	TK06_RS24325	TK06_RS24330	TK06_RS24335	TK06_RS24340	TK06_RS24345	
operon 934	5627218	5631116	+	8	TK06_RS24350	TK06_RS24355	TK06_RS24360	TK06_RS24365	TK06_RS24370	TK06_RS24375	TK06_RS24380	TK06_RS31255								
operon 935	5631247	5634115	+	5	TK06_RS24385	TK06_RS24390	TK06_RS24395	TK06_RS24400	TK06_RS24405											
operon 936	5639540	5641462	+	2	TK06_RS24425	TK06_RS24430														
operon 937	5650818	5652669	+	2	TK06_RS24465	TK06_RS24470														
operon 938	5652799	5656814	-	4	TK06_RS24475	TK06_RS24480	TK06_RS24485	TK06_RS24490												
operon 939	5663827	5665633	+	2	TK06_RS24505	TK06_RS24510														
operon 940	5666775	5669282	-	3	TK06_RS24520	TK06_RS24525	TK06_RS24530													
operon 941	5671618	5672735	-	2	TK06_RS24550	TK06_RS24555														
operon 942	5674504	5676277	+	2	TK06_RS24570	TK06_RS24575														
operon 943	5676579	5679806	+	5	TK06_RS24580	TK06_RS24585	TK06_RS24590	TK06_RS24595	TK06_RS24600											
operon 944	5679917	5681735	+	3	TK06_RS24605	TK06_RS24610	TK06_RS24615													
operon 945	5685842	5686968	-	2	TK06_RS24630	TK06_RS24635														
operon 946	5688604	5698832	+	6	TK06_RS24645	TK06_RS24650	TK06_RS24655	TK06_RS24660	TK06_RS24665	TK06_RS24670										
operon 947	5699202	5700504	+	2	TK06_RS24675	TK06_RS24680														
operon 948	5700770	5704788	+	5	TK06_RS24685	TK06_RS24690	TK06_RS24695	TK06_RS24700	TK06_RS24705											
operon 949	5704984	5706538	-	2	TK06_RS24710	TK06_RS24715														
operon 950	5706740	5710920	-	4	TK06_RS24720	TK06_RS24725	TK06_RS24730	TK06_RS24735												
operon 951	5718847	5723065	+	4	TK06_RS24760	TK06_RS24765	TK06_RS24770	TK06_RS24775												
operon 952	5724211	5726678	+	2	TK06_RS24780	TK06_RS24785														
operon 953	5730687	5732989	-	3	TK06_RS24805	TK06_RS31265	TK06_RS24810													
operon 954	5738185	5739651	-	2	TK06_RS24830	TK06_RS24835														
operon 955	5740967	5743197	-	2	TK06_RS24845	TK06_RS24850														
operon 956	5749338	5751608	+	3	TK06_RS24870	TK06_RS24875	TK06_RS24880													
operon 957	5751859	5754246	-	2	TK06_RS24885	TK06_RS24890														
operon 958	5755132	5756811	+	3	TK06_RS24900	TK06_RS24905	TK06_RS24910													
operon 959	5756878	5758930	-	2	TK06_RS24915	TK06_RS24920														
operon 960	5759127	5767222	+	8	TK06_RS24925	TK06_RS24930	TK06_RS24935	TK06_RS24940	TK06_RS24945	TK06_RS24950	TK06_RS24955	TK06_RS24960								
operon 961	5767391	5770576	+	4	TK06_RS24965	TK06_RS24970	TK06_RS24975	TK06_RS24980												
operon 962	5774544	5776226	-	2	TK06_RS25000	TK06_RS25005														
operon 963	5780581	5784473	-	4	TK06_RS25025	TK06_RS25030	TK06_RS25035	TK06_RS25040												
operon 964	5787438	5790191	-	3	TK06_RS25060	TK06_RS25065	TK06_RS25070													
operon 965	5794796	5796964	+	2	TK06_RS25085	TK06_RS25090														
operon 966	5798221	5810389	-	3	TK06_RS25105	TK06_RS25110	TK06_RS25115													
operon 967	5811920	5813261	-	2	TK06_RS25125	TK06_RS25130														
operon 968	5815913	5817745	-	2	TK06_RS25140	TK06_RS25145														
operon 969	5818798	5819910	+	2	TK06_RS25155	TK06_RS25160														
operon 970	5826154	5827613	+	2	TK06_RS25195	TK06_RS25200														
operon 971	5827684	5829516	-	2	TK06_RS25205	TK06_RS25210														
operon 972	5836431	5837728	-	2	TK06_RS25240	TK06_RS25245														
operon 973	5838015	5840386	-	2	TK06_RS25250	TK06_RS25255														
operon 974	5843496	5846119	+	3	TK06_RS25275	TK06_RS25280	TK06_RS31275													
operon 975	5854311	5856590	+	2	TK06_RS25325	TK06_RS25330														
operon 976	5882706	5883313	+	2	TK06_RS25435	TK06_RS25440														
operon 977	5884996	5886579	+	2	TK06_RS25450	TK06_RS25455														
operon 978	5891053	5895789	+	4	TK06_RS25475	TK06_RS25480	TK06_RS25485	TK06_RS25490												
operon 979	5897598	5904387	+	7	TK06_RS25505	TK06_RS25510	TK06_RS25515	TK06_RS25520	TK06_RS25525	TK06_RS25530	TK06_RS25535									
operon 980	5905434	5908589	-	3	TK06_RS25545	TK06_RS25550	TK06_RS25555													
operon 981	5911320	5913004	+	2	TK06_RS25570	TK06_RS25575														
operon 982	5920032	5921182	-	2	TK06_RS25620	TK06_RS25625														
operon 983	5922581	5927192	-	5	TK06_RS25640	TK06_RS25645	TK06_RS25650	TK06_RS25655	TK06_RS25660											
operon 984	5929964	5933194	-	2	TK06_RS25680	TK06_RS25685														
operon 985	5939268	5940925	-	2	TK06_RS25710	TK06_RS25715														
operon 986	5941201	5943159	-	2	TK06_RS25720	TK06_RS25725														
operon 987	5943806	5948376	-	3	TK06_RS25730	TK06_RS25735	TK06_RS31280													
operon 988	5950286	5952204	+	2	TK06_RS25750	TK06_RS25755														
operon 989	5952669	5956219	+	4	TK06_RS25765	TK06_RS25770	TK06_RS25775	TK06_RS25780												
operon 990	5956949	5958934	-	2	TK06_RS25790	TK06_RS25795														
operon 991	5959053	5962436	+	3	TK06_RS25800	TK06_RS25805	TK06_RS25810													
operon 992	5963267	5966547	+	3	TK06_RS25820	TK06_RS25825	TK06_RS25830													
operon 993	5966693	5969247	+	3	TK06_RS25835	TK06_RS25840	TK06_RS25845													
operon 994	5975211	5978776	+	3	TK06_RS25875	TK06_RS25880	TK06_RS25885													
operon 995	5978960	5983768	-	3	TK06_RS25890	TK06_RS25895	TK06_RS25900													
operon 996	5983950	5985174	+	2	TK06_RS25905	TK06_RS25910														
operon 997	5990034	5992241	+	3	TK06_RS25940	TK06_RS25945	TK06_RS25950													
operon 998	6001539	6004868	+	3	TK06_RS25980	TK06_RS25985	TK06_RS25990													
operon 999	6006620	6008001	+	2	TK06_RS26000	TK06_RS31295														
operon 1000	6009099	6010224	+	2	TK06_RS26015	TK06_RS26020														
operon 1001	6015261	6018460	-	3	TK06_RS26055	TK06_RS26060	TK06_RS26065													
operon 1002	6018633	6023379	+	5	TK06_RS26070	TK06_RS26075	TK06_RS26080	TK06_RS26085	TK06_RS26090											
operon 1003	6024072	6025178	-	2	TK06_RS26100	TK06_RS26105														
operon 1004	6025302	6028675	-	3	TK06_RS26110	TK06_RS26115	TK06_RS26120													
operon 1005	6030031	6031969	+	2	TK06_RS26130	TK06_RS26135														
operon 1006	6032089	6034004	-	2	TK06_RS26140	TK06_RS26145														
operon 1007	6034169	6035203	+	2	TK06_RS26150	TK06_RS26155														
operon 1008	6044579	6045695	+	3	TK06_RS26210	TK06_RS26215	TK06_RS26220													
operon 1009	6045773	6048608	-	2	TK06_RS26225	TK06_RS26230														
operon 1010	6051166	6053991	+	2	TK06_RS26245	TK06_RS26250														
operon 1011	6054124	6057532	-	3	TK06_RS26255	TK06_RS26260	TK06_RS26265													
operon 1012	6065869	6067541	-	3	TK06_RS26315	TK06_RS26320	TK06_RS26325													
operon 1013	6071511	6073195	+	2	TK06_RS26355	TK06_RS26360														
operon 1014	6075124	6078307	+	2	TK06_RS26375	TK06_RS26380														
operon 1015	6082936	6086194	+	3	TK06_RS26400	TK06_RS26405	TK06_RS26410													
operon 1016	6088627	6094060	-	5	TK06_RS25345	TK06_RS26430	TK06_RS26435	TK06_RS26440	TK06_RS26445											
operon 1017	6100707	6102151	-	2	TK06_RS26480	TK06_RS26485														
operon 1018	6105463	6107618	-	3	TK06_RS26505	TK06_RS26510	TK06_RS26515													
operon 1019	6112374	6117220	+	5	TK06_RS26535	TK06_RS26540	TK06_RS26545	TK06_RS26550	TK06_RS26555											
operon 1020	6123953	6125962	+	2	TK06_RS26595	TK06_RS26600														
operon 1021	6130966	6131801	+	2	TK06_RS26625	TK06_RS26630														
operon 1022	6132058	6134644	+	3	TK06_RS26635	TK06_RS26640	TK06_RS26645													
operon 1023	6134793	6135840	+	2	TK06_RS26650	TK06_RS26655														
operon 1024	6136430	6137598	-	2	TK06_RS26660	TK06_RS26665														
operon 1025	6137701	6139874	-	2	TK06_RS26670	TK06_RS26675														
operon 1026	6141825	6158636	+	15	TK06_RS26690	TK06_RS26695	TK06_RS26700	TK06_RS26705	TK06_RS26710	TK06_RS26715	TK06_RS26720	TK06_RS26725	TK06_RS26730	TK06_RS26735	TK06_RS26740	TK06_RS26745	TK06_RS26750	TK06_RS26755	TK06_RS26760	
operon 1027	6163226	6169543	-	4	TK06_RS26780	TK06_RS26785	TK06_RS26790	TK06_RS26795												
operon 1028	6172927	6176207	+	3	TK06_RS26815	TK06_RS26820	TK06_RS26825													
operon 1029	6176480	6177806	-	2	TK06_RS26830	TK06_RS26835														
operon 1030	6179580	6183012	-	3	TK06_RS26845	TK06_RS26850	TK06_RS26855													
operon 1031	6183221	6194544	-	8	TK06_RS26860	TK06_RS26865	TK06_RS26870	TK06_RS26875	TK06_RS26880	TK06_RS26885	TK06_RS26890	TK06_RS26895								
operon 1032	6199475	6200643	+	3	TK06_RS26915	TK06_RS26920	TK06_RS26925													
operon 1033	6204799	6207030	-	2	TK06_RS26950	TK06_RS26955														
operon 1034	6207504	6211666	+	4	TK06_RS26960	TK06_RS26965	TK06_RS26970	TK06_RS26975												
operon 1035	6211726	6212516	-	2	TK06_RS26980	TK06_RS26985														
operon 1036	6212681	6214688	+	2	TK06_RS26990	TK06_RS26995														
operon 1037	6216747	6218107	-	2	TK06_RS27015	TK06_RS27020														
operon 1038	6223551	6225904	-	3	TK06_RS27040	TK06_RS27045	TK06_RS27050													
operon 1039	6226435	6228610	+	2	TK06_RS27055	TK06_RS27060														
operon 1040	6228857	6231516	+	2	TK06_RS27065	TK06_RS27070														
operon 1041	6231700	6233284	+	2	TK06_RS27075	TK06_RS27080														
operon 1042	6233476	6234958	+	2	TK06_RS27085	TK06_RS27090														
operon 1043	6236912	6241124	+	2	TK06_RS27100	TK06_RS27105														
operon 1044	6244335	6245681	+	3	TK06_RS27125	TK06_RS27130	TK06_RS27135													
operon 1045	6253430	6254775	-	2	TK06_RS27170	TK06_RS27175														
operon 1046	6255826	6260993	+	4	TK06_RS27185	TK06_RS27190	TK06_RS27195	TK06_RS27200												
operon 1047	6273570	6281936	-	5	TK06_RS27240	TK06_RS27245	TK06_RS27250	TK06_RS27255	TK06_RS27260											
operon 1048	6283803	6285376	+	3	TK06_RS27270	TK06_RS27275	TK06_RS27280													
operon 1049	6291769	6294851	+	2	TK06_RS27305	TK06_RS27310														
operon 1050	6296289	6299113	+	3	TK06_RS27320	TK06_RS27325	TK06_RS27330													
operon 1051	6304409	6307493	-	2	TK06_RS27365	TK06_RS27370														
operon 1052	6309738	6312550	+	3	TK06_RS27380	TK06_RS27385	TK06_RS27390													
operon 1053	6317788	6323176	-	5	TK06_RS27420	TK06_RS27425	TK06_RS27430	TK06_RS27435	TK06_RS27440											
operon 1054	6326788	6329655	-	3	TK06_RS27460	TK06_RS27465	TK06_RS27470													
operon 1055	6335232	6338116	+	3	TK06_RS27490	TK06_RS27495	TK06_RS27500													
operon 1056	6338252	6341836	-	3	TK06_RS27505	TK06_RS27510	TK06_RS27515													
operon 1057	6345772	6346407	+	2	TK06_RS27535	TK06_RS27540														
operon 1058	6352510	6354180	+	2	TK06_RS27585	TK06_RS27590														
operon 1059	6354308	6358310	+	5	TK06_RS27595	TK06_RS27600	TK06_RS27605	TK06_RS27610	TK06_RS27615											
operon 1060	6358363	6359706	+	2	TK06_RS27620	TK06_RS27625														
operon 1061	6359873	6361214	+	2	TK06_RS27630	TK06_RS27635														
operon 1062	6364474	6368578	-	4	TK06_RS27655	TK06_RS27660	TK06_RS27665	TK06_RS27670												
operon 1063	6371537	6374077	-	2	TK06_RS27690	TK06_RS27695														
operon 1064	6374254	6377509	-	2	TK06_RS27700	TK06_RS27705														
operon 1065	6382334	6385921	-	3	TK06_RS27730	TK06_RS27735	TK06_RS27740													
operon 1066	6386134	6388282	-	3	TK06_RS27745	TK06_RS27750	TK06_RS27755													
operon 1067	6396908	6398934	-	2	TK06_RS27795	TK06_RS27800														
operon 1068	6399757	6402296	+	2	TK06_RS27810	TK06_RS27815														
operon 1069	6404459	6406179	-	2	TK06_RS27835	TK06_RS27840														
operon 1070	6410709	6415039	-	6	TK06_RS27870	TK06_RS27875	TK06_RS27880	TK06_RS27885	TK06_RS27890	TK06_RS27895										
operon 1071	6421087	6423074	+	2	TK06_RS27925	TK06_RS27930														
operon 1072	6424263	6426213	+	2	TK06_RS27940	TK06_RS27945														
operon 1073	6426328	6427941	+	3	TK06_RS27950	TK06_RS27955	TK06_RS27960													
operon 1074	6428166	6432354	-	2	TK06_RS27965	TK06_RS27970														
operon 1075	6432510	6436130	-	3	TK06_RS27975	TK06_RS27980	TK06_RS27985													
operon 1076	6438595	6439690	-	2	TK06_RS28000	TK06_RS28005														
operon 1077	6439798	6440695	-	2	TK06_RS28010	TK06_RS28015														
operon 1078	6440783	6444073	+	4	TK06_RS28020	TK06_RS28025	TK06_RS28030	TK06_RS28035												
operon 1079	6457261	6458282	-	2	TK06_RS28095	TK06_RS28100														
operon 1080	6463057	6464993	+	3	TK06_RS28135	TK06_RS28140	TK06_RS28145													
operon 1081	6468951	6469461	-	2	TK06_RS28165	TK06_RS28170														
operon 1082	6473472	6474856	+	2	TK06_RS28185	TK06_RS28190														
operon 1083	6478652	6482217	+	3	TK06_RS28210	TK06_RS28215	TK06_RS28220													
operon 1084	6482348	6485071	+	3	TK06_RS28225	TK06_RS28230	TK06_RS28235													
operon 1085	6487329	6491283	+	2	TK06_RS28250	TK06_RS28255														
operon 1086	6497599	6499891	+	2	TK06_RS28310	TK06_RS28315														
operon 1087	6503734	6504566	-	2	TK06_RS28335	TK06_RS28340														
operon 1088	6505582	6507394	+	2	TK06_RS28350	TK06_RS28355														
operon 1089	6507694	6510640	+	4	TK06_RS28360	TK06_RS28365	TK06_RS28370	TK06_RS28375												
operon 1090	6514769	6517098	+	2	TK06_RS28385	TK06_RS28390														
operon 1091	6519715	6521735	+	2	TK06_RS28410	TK06_RS28415														
operon 1092	6527805	6529385	+	2	TK06_RS28445	TK06_RS28450														
operon 1093	6529473	6530846	-	3	TK06_RS28455	TK06_RS28460	TK06_RS28465													
operon 1094	6531591	6532429	-	2	TK06_RS28475	TK06_RS28480														
operon 1095	6537549	6539821	+	2	TK06_RS28500	TK06_RS28505														
operon 1096	6542282	6543681	+	2	TK06_RS28515	TK06_RS28520														
operon 1097	6544283	6546713	-	3	TK06_RS28530	TK06_RS28535	TK06_RS28540													
operon 1098	6547078	6549242	+	2	TK06_RS28545	TK06_RS28550														
operon 1099	6551601	6553798	-	3	TK06_RS31320	TK06_RS28570	TK06_RS28575													
operon 1100	6554248	6563081	+	10	TK06_RS28580	TK06_RS28585	TK06_RS28590	TK06_RS28595	TK06_RS28600	TK06_RS28605	TK06_RS28610	TK06_RS28615	TK06_RS28620	TK06_RS28625						
operon 1101	6563125	6564193	-	2	TK06_RS28630	TK06_RS28635														
operon 1102	6564565	6566230	+	2	TK06_RS28640	TK06_RS28645														
operon 1103	6578632	6581737	+	2	TK06_RS28700	TK06_RS28705														
operon 1104	6584941	6587914	-	2	TK06_RS28745	TK06_RS28750														
operon 1105	6589762	6590873	+	3	TK06_RS28765	TK06_RS28770	TK06_RS28775													
operon 1106	6591062	6596022	+	2	TK06_RS28780	TK06_RS28785														
operon 1107	6601649	6602140	+	2	TK06_RS28805	TK06_RS28810														
operon 1108	6602367	6603790	+	2	TK06_RS28815	TK06_RS28820														
operon 1109	6604013	6608134	-	5	TK06_RS28825	TK06_RS28830	TK06_RS28835	TK06_RS28840	TK06_RS28845											
operon 1110	6613117	6614183	-	2	TK06_RS28875	TK06_RS28880														
operon 1111	6615240	6617370	+	2	TK06_RS28890	TK06_RS28895														
operon 1112	6618650	6620513	-	2	TK06_RS28905	TK06_RS28910														
operon 1113	6620661	6623164	-	3	TK06_RS28915	TK06_RS28920	TK06_RS28925													
operon 1114	6639904	6642743	+	3	TK06_RS29005	TK06_RS29010	TK06_RS29015													
operon 1115	6643580	6646031	+	2	TK06_RS29025	TK06_RS29030														
operon 1116	6648613	6651464	-	3	TK06_RS29050	TK06_RS29055	TK06_RS29060													
operon 1117	6651588	6655252	-	3	TK06_RS29065	TK06_RS29070	TK06_RS29075													
operon 1118	6660779	6662858	-	2	TK06_RS29105	TK06_RS29110														
operon 1119	6664362	6666328	+	2	TK06_RS29120	TK06_RS29125														
operon 1120	6668272	6671500	+	4	TK06_RS29135	TK06_RS29140	TK06_RS29145	TK06_RS29150												
operon 1121	6671763	6675860	+	2	TK06_RS29155	TK06_RS29160														
operon 1122	6677616	6679666	+	2	TK06_RS29170	TK06_RS29175														
operon 1123	6682902	6683836	+	2	TK06_RS29195	TK06_RS29200														
operon 1124	6683924	6686627	+	2	TK06_RS29205	TK06_RS29210														
operon 1125	6689489	6691236	-	2	TK06_RS29230	TK06_RS29235														
operon 1126	6691485	6696439	-	3	TK06_RS29240	TK06_RS29245	TK06_RS29250													
operon 1127	6696639	6698491	+	3	TK06_RS29255	TK06_RS29260	TK06_RS29265													
operon 1128	6699284	6700926	+	2	TK06_RS29275	TK06_RS29280														
operon 1129	6715293	6719238	-	3	TK06_RS29365	TK06_RS29370	TK06_RS29375													
operon 1130	6720749	6724955	-	5	TK06_RS29390	TK06_RS29395	TK06_RS29400	TK06_RS29405	TK06_RS29410											
operon 1131	6726813	6736728	+	11	TK06_RS29425	TK06_RS29430	TK06_RS29435	TK06_RS29440	TK06_RS29445	TK06_RS29450	TK06_RS29455	TK06_RS29460	TK06_RS29465	TK06_RS29470	TK06_RS29475					
operon 1132	6737805	6740090	-	3	TK06_RS29480	TK06_RS29485	TK06_RS29490													
operon 1133	6745877	6747205	+	2	TK06_RS29515	TK06_RS29520														
operon 1134	6747342	6749056	+	2	TK06_RS29525	TK06_RS29530														
operon 1135	6752323	6756873	+	7	TK06_RS29545	TK06_RS29550	TK06_RS29555	TK06_RS29560	TK06_RS29565	TK06_RS29570	TK06_RS29575									
operon 1136	6757141	6761505	+	4	TK06_RS29580	TK06_RS29585	TK06_RS29590	TK06_RS29595												
operon 1137	6765638	6768256	+	3	TK06_RS29605	TK06_RS29610	TK06_RS29615													
operon 1138	6769079	6770817	+	3	TK06_RS29625	TK06_RS29630	TK06_RS29635													
operon 1139	6770941	6772638	+	2	TK06_RS29640	TK06_RS29645														
operon 1140	6773175	6778029	+	5	TK06_RS29655	TK06_RS29660	TK06_RS29665	TK06_RS29670	TK06_RS29675											
operon 1141	6778155	6779317	+	2	TK06_RS29680	TK06_RS29685														
operon 1142	6782447	6783629	+	2	TK06_RS29700	TK06_RS29705														
operon 1143	6783792	6785410	+	2	TK06_RS29710	TK06_RS29715														
operon 1144	6786641	6790244	+	3	TK06_RS29725	TK06_RS29730	TK06_RS29735													
operon 1145	6790398	6791155	-	2	TK06_RS29740	TK06_RS29745														
operon 1146	6792653	6794273	+	2	TK06_RS29760	TK06_RS29765														
operon 1147	6802487	6806243	+	5	TK06_RS29800	TK06_RS29805	TK06_RS29810	TK06_RS29815	TK06_RS29820											
operon 1148	6810825	6813994	+	3	TK06_RS29855	TK06_RS29860	TK06_RS29865													
operon 1149	6815540	6819740	+	3	TK06_RS29875	TK06_RS29880	TK06_RS29885													
operon 1150	6826235	6829238	-	4	TK06_RS29925	TK06_RS29930	TK06_RS29935	TK06_RS29940												
operon 1151	6838446	6839924	+	2	TK06_RS29985	TK06_RS29990														
operon 1152	6841220	6842451	+	3	TK06_RS30000	TK06_RS30005	TK06_RS30010													
operon 1153	6842684	6843825	+	2	TK06_RS30015	TK06_RS30020														
operon 1154	6846836	6847995	+	2	TK06_RS30040	TK06_RS30045														
operon 1155	6849429	6852034	+	3	TK06_RS30060	TK06_RS30065	TK06_RS30070													
operon 1156	6854171	6855708	+	2	TK06_RS31350	TK06_RS31355														
operon 1157	6857300	6858416	-	2	TK06_RS30090	TK06_RS30095														
operon 1158	6867109	6867876	+	2	TK06_RS30150	TK06_RS30155														
operon 1159	6876813	6879873	-	3	TK06_RS30200	TK06_RS30205	TK06_RS30210													
operon 1160	6880154	6882914	+	3	TK06_RS30215	TK06_RS30220	TK06_RS30225													
operon 1161	6883092	6886919	+	2	TK06_RS30230	TK06_RS30235														
operon 1162	6887256	6893411	-	8	TK06_RS30240	TK06_RS30245	TK06_RS30250	TK06_RS30255	TK06_RS30260	TK06_RS30265	TK06_RS30270	TK06_RS30275								
operon 1163	6899417	6900768	-	2	TK06_RS30310	TK06_RS30315														
operon 1164	6912121	6913145	+	2	TK06_RS30380	TK06_RS30385														
operon 1165	6914965	6916273	-	2	TK06_RS30400	TK06_RS30405														
